kernel,mode,size,cores,DX100s,cycles,INDRD,INDWR,INDRMW,STRRD,RANGE,ALUS,ALUV,INV,IDLE,Total,IND_Fill,IND_Drain,IND_Build,IND_Request,Avg-SPD-Latency,L1-SPD-Hits,L1-SPD-Misses,M1-SPD-Hits,M1-SPD-Misses,L2-SPD-Hits,L2-SPD-Misses,M2-SPD-Hits,M2-SPD-Misses,L3-SPD-Hits,L3-SPD-Misses,M3-SPD-Hits,M3-SPD-Misses,Avg-6-Latency,L1-6-Hits,L1-6-Misses,M1-6-Hits,M1-6-Misses,L2-6-Hits,L2-6-Misses,M2-6-Hits,M2-6-Misses,L3-6-Hits,L3-6-Misses,M3-6-Hits,M3-6-Misses,Avg-7-Latency,L1-7-Hits,L1-7-Misses,M1-7-Hits,M1-7-Misses,L2-7-Hits,L2-7-Misses,M2-7-Hits,M2-7-Misses,L3-7-Hits,L3-7-Misses,M3-7-Hits,M3-7-Misses,Avg-8-Latency,L1-8-Hits,L1-8-Misses,M1-8-Hits,M1-8-Misses,L2-8-Hits,L2-8-Misses,M2-8-Hits,M2-8-Misses,L3-8-Hits,L3-8-Misses,M3-8-Hits,M3-8-Misses,Avg-9-Latency,L1-9-Hits,L1-9-Misses,M1-9-Hits,M1-9-Misses,L2-9-Hits,L2-9-Misses,M2-9-Hits,M2-9-Misses,L3-9-Hits,L3-9-Misses,M3-9-Hits,M3-9-Misses,Avg-10-Latency,L1-10-Hits,L1-10-Misses,M1-10-Hits,M1-10-Misses,L2-10-Hits,L2-10-Misses,M2-10-Hits,M2-10-Misses,L3-10-Hits,L3-10-Misses,M3-10-Hits,M3-10-Misses,Avg-11-Latency,L1-11-Hits,L1-11-Misses,M1-11-Hits,M1-11-Misses,L2-11-Hits,L2-11-Misses,M2-11-Hits,M2-11-Misses,L3-11-Hits,L3-11-Misses,M3-11-Hits,M3-11-Misses,Avg-12-Latency,L1-12-Hits,L1-12-Misses,M1-12-Hits,M1-12-Misses,L2-12-Hits,L2-12-Misses,M2-12-Hits,M2-12-Misses,L3-12-Hits,L3-12-Misses,M3-12-Hits,M3-12-Misses,Avg-13-Latency,L1-13-Hits,L1-13-Misses,M1-13-Hits,M1-13-Misses,L2-13-Hits,L2-13-Misses,M2-13-Hits,M2-13-Misses,L3-13-Hits,L3-13-Misses,M3-13-Hits,M3-13-Misses,Avg-14-Latency,L1-14-Hits,L1-14-Misses,M1-14-Hits,M1-14-Misses,L2-14-Hits,L2-14-Misses,M2-14-Hits,M2-14-Misses,L3-14-Hits,L3-14-Misses,M3-14-Hits,M3-14-Misses,Avg-15-Latency,L1-15-Hits,L1-15-Misses,M1-15-Hits,M1-15-Misses,L2-15-Hits,L2-15-Misses,M2-15-Hits,M2-15-Misses,L3-15-Hits,L3-15-Misses,M3-15-Hits,M3-15-Misses,Avg-16-Latency,L1-16-Hits,L1-16-Misses,M1-16-Hits,M1-16-Misses,L2-16-Hits,L2-16-Misses,M2-16-Hits,M2-16-Misses,L3-16-Hits,L3-16-Misses,M3-16-Hits,M3-16-Misses,Avg-T-Latency,L1-T-Hits,L1-T-Misses,M1-T-Hits,M1-T-Misses,L2-T-Hits,L2-T-Misses,M2-T-Hits,M2-T-Misses,L3-T-Hits,L3-T-Misses,M3-T-Hits,M3-T-Misses,LDFP,STFP,VFP,SFP,SINT,VINT,LDINT,STINT,VEC,Total,LSQ-LD-OCC,DRAM-RD,DRAM-WR,DRAM-ACT,DRAM-RD-BW,DRAM-WR-BW,DRAM-total-BW,DRAM-RB-hitrate,DRAM-CTRL-occ,DRAM-PRE-STB-energy,DRAM-ACT-STB-energy,DRAM-ACTPRE-energy,DRAM-RD-energy,DRAM-WR-energy,DRAM-DQ-energy,DRAM-Total-energy,CORE-ST-Power,CORE-DY-Power,CORE-Power,LLC-ST-Power,LLC-DY-Power,LLC-Power,CORE-ST-Energy,CORE-DY-Energy,CORE-Energy,LLC-ST-Energy,LLC-DY-Energy,LLC-Energy,
BFS,BASE,22,4,0,1989023612.0,0,0,0,0,0,0,0,0,0,0,0,0,0,0,0,0,0,0,0,0,0,0,0,0,0,0,0,5.074074,1543851,70600,1,70599,64341,6257,3081,3176,254,2864,0,2864,187.822663,1110776,2111637,997635,1114002,387,1113615,0,1113615,18618,1094997,0,1094997,75.980109,27359797,9196348,7845936,1350412,177,1350235,2,1350233,5860,1344373,0,1344373,189.543562,3485574,33653612,460238,33193374,329102,32864261,0,32864261,13565949,19254560,876,19253684,0,0,0,0,0,0,0,0,0,0,0,0,0,0,0,0,0,0,0,0,0,0,0,0,0,0,0,0,0,0,0,0,0,0,0,0,0,0,0,0,0,0,0,0,0,0,0,0,0,0,0,0,0,0,0,0,0,0,0,0,0,0,0,0,0,0,0,0,0,0,0,0,0,0,0,0,0,0,0,0,0,0,0,0,0,0,0,0,0,0,0,49.482353,183230994,43809298,9505135,34304163,446861,33856499,3398,33853101,12988245,20820928,878,20820050,2098740,2099323,0,610,2263154100,0,857517888,12592859,0,3138043299,21.385293354358474,125147193,3686318,96781402,11.981658597456425,0.35293003941093887,12.334588636867364,24.878704889134013,3.2453399899999997,31.4554001925,653.9112269325,383.71258392,348.409785312,8.670219936,220.56297083199996,1646.722187125,0,0,0,0,0,0,0,0,0,0,0,0,
BFS,MAA,22,4,1,696428870.0,626941696,46031823,0,8228016,9931267,488948295,0,0,23432747,1180081097,11531482,0,0,661442037,5.909606,37119592,561572,274211,287361,0,0,0,287361,0,0,0,287361,5.383149,464879,66137,6,66131,53483,12648,9190,3458,368,2719,3,2716,37.249205,33929,4038,1915,2123,3,2120,0,2120,10,2110,0,2110,46.649339,59367,7579,5289,2290,3,2287,0,2287,7,2280,0,2280,170.057234,38127,61244,1018,60226,386,59839,0,59839,13605,45304,0,45304,0,0,0,0,0,0,0,0,0,0,0,0,0,0,0,0,0,0,0,0,0,0,0,0,0,0,0,0,0,0,0,0,0,0,0,0,0,0,0,0,0,0,0,0,0,0,0,0,0,0,0,0,0,0,0,0,0,0,0,0,0,0,0,0,0,0,0,0,0,0,0,0,0,0,0,0,0,0,0,0,0,0,0,0,0,0,0,0,0,0,0,6.249322,130323663,1216309,681853,534456,150466,92619,9112,378902,14896,53347,19,348723,2098730,2099321,0,603,6167128795,0,501449197,4718941,0,6678103620,4.518527697244219,121408343,3669791,67666503,33.19766455182324,1.003460615497404,34.20112516732064,45.90061361164854,28.0867195,22.06816090875,214.06947468825004,268.83862308,338.000826912,8.631348432,214.133765408,1065.742199429,0,0,0,0,0,0,0,0,0,0,0,0,
BFS,BASE,23,8,0,2225803594.0,0,0,0,0,0,0,0,0,0,0,0,0,0,0,0,0,0,0,0,0,0,0,0,0,0,0,0,5.096206,1544646,72243,1,72242,66139,6096,2544,3552,199,3270,2,3268,196.891629,1121721,2105588,991641,1113947,177,1113770,0,1113770,10865,1102905,0,1102905,78.244418,27555906,9125572,7787156,1338416,149,1338267,0,1338267,8043,1330224,0,1330224,234.675765,3412644,33850260,527044,33323216,129672,33193532,0,33193532,8642370,24515256,1229,24514027,0,0,0,0,0,0,0,0,0,0,0,0,0,0,0,0,0,0,0,0,0,0,0,0,0,0,0,0,0,0,0,0,0,0,0,0,0,0,0,0,0,0,0,0,0,0,0,0,0,0,0,0,0,0,0,0,0,0,0,0,0,0,0,0,0,0,0,0,0,0,0,0,0,0,0,0,0,0,0,0,0,0,0,0,0,0,0,0,0,0,0,57.650547,180993091,43441765,9502481,33939284,255130,33678196,3098,33675098,8153885,25484613,1205,25483408,4196312,4197549,0,1250,4534635920,0,1715903578,25180758,0,6284216891,44.55231351968957,392547966,8258404,265317272,33.584714327401976,0.70655349960538,34.29126782700735,33.804127913436105,5.21677077,86.233711588125,1442.184693894375,1051.92471792,1092.853537344,19.423766208,686.1805054399999,4378.8009323945,0,0,0,0,0,0,0,0,0,0,0,0,
BFS,MAA,23,8,1,806788274.0,733138969,57484670,0,8925194,19922474,540176495,0,0,16134867,1359647802,13002497,0,0,777621142,5.900261,37255750,551702,254846,296856,0,0,0,296856,0,0,0,296856,6.037129,474743,67576,5,67571,54257,13313,9553,3760,299,3240,0,3240,75.585843,16568,4052,1904,2148,1,2147,0,2147,14,2133,0,2133,77.676381,53479,13606,11157,2449,1,2448,0,2448,8,2440,0,2440,236.634287,19518,62842,713,62129,184,61945,0,61945,15688,45668,2,45666,0,0,0,0,0,0,0,0,0,0,0,0,0,0,0,0,0,0,0,0,0,0,0,0,0,0,0,0,0,0,0,0,0,0,0,0,0,0,0,0,0,0,0,0,0,0,0,0,0,0,0,0,0,0,0,0,0,0,0,0,0,0,0,0,0,0,0,0,0,0,0,0,0,0,0,0,0,0,0,0,0,0,0,0,0,0,0,0,0,0,0,5.948369,191850027,1509202,969539,539663,145733,112143,8775,389968,16471,53417,19,339998,4196280,4197527,0,1243,18156626824,0,1488145300,9176012,0,19662500067,11.002884744310276,244413290,7467673,151949675,57.69006213724423,1.7626313175957864,59.452693454840016,39.67401379198316,26.36501215,49.55989971375,498.09901042725005,603.7274562,680.4465993599998,17.563966896,431.220208656,2280.6171412529998,0,0,0,0,0,0,0,0,0,0,0,0,
BFS,MAA,23,8,2,780144937.0,874321611,62613136,0,16384259,23124775,595592738,0,0,25105512,1572036519,14435989,0,0,453770620,5.909383,37291761,548948,256590,292358,0,0,0,292358,0,0,0,292358,6.253359,476109,67778,8,67770,54317,13452,9643,3809,345,3205,0,3205,75.070101,16602,4154,1912,2242,1,2241,0,2241,15,2226,0,2226,80.205279,54854,14204,11685,2519,2,2517,0,2517,10,2507,0,2507,235.432109,19807,64510,746,63764,203,63561,0,63561,15997,46967,4,46963,0,0,0,0,0,0,0,0,0,0,0,0,0,0,0,0,0,0,0,0,0,0,0,0,0,0,0,0,0,0,0,0,0,0,0,0,0,0,0,0,0,0,0,0,0,0,0,0,0,0,0,0,0,0,0,0,0,0,0,0,0,0,0,0,0,0,0,0,0,0,0,0,0,0,0,0,0,0,0,0,0,0,0,0,0,0,0,0,0,0,0,5.767811,192583785,1561242,1013454,547788,152707,114516,9858,389296,16432,54111,25,338724,4196302,4197547,0,1243,17832379861,0,1461261664,9175823,0,19311362734,10.834505455916874,244936091,7466358,152156986,59.78789390890708,1.8225073249410175,61.610401233848094,39.716517568337856,27.3307805,49.63014376875,479.35091403825004,604.57058616,681.902077344,17.560874016,432.11299268799996,2265.127588015,0,0,0,0,0,0,0,0,0,0,0,0,
PR,BASE,22,4,0,801338996.0,0,0,0,0,0,0,0,0,0,0,0,0,0,0,0,0,0,0,0,0,0,0,0,0,0,0,0,6.228798,2093507,6040,261,5779,5690,89,0,89,24,65,0,65,209.432331,74028,35611365,10392,35600973,454051,35146922,0,35146922,19737497,15408857,2239,15406618,0,1041984,6592,0,6592,5508,1078,0,1078,13,1064,0,1064,10.098502,34928828,1839,1649,190,88,102,0,102,0,102,0,102,8.777776,2094259,3273,26,3247,3163,77,0,77,11,66,0,66,0,0,0,0,0,0,0,0,0,0,0,0,0,0,0,0,0,0,0,0,0,0,0,0,0,0,0,0,0,0,0,0,0,0,0,0,0,0,0,0,0,0,0,0,0,0,0,0,0,0,0,0,0,0,0,0,0,0,0,0,0,0,0,0,0,0,0,0,0,0,0,0,0,0,0,0,0,0,97.546301,47401495,35926860,322311,35604549,477103,35127391,0,35127391,19732850,15393897,2290,15391607,138412627,12583615,0,8390491,1064388087,0,168071017,2142,0,1609952376,37.307988177828356,72077864,896715,69661291,17.12858144990013,0.21309532583883442,17.341676775738964,4.540331777727687,6.704512355,22.65069688875,250.00965781725003,276.26058516,200.664773376,2.10907368,124.932479248,876.6272661700001,0,0,0,0,0,0,0,0,0,0,0,0,
PR,MAA,22,4,1,645160613.0,625246948,0,11869559,555447106,8411590,0,0,0,7454930,1200975203,13854805,0,0,623261702,0,0,0,0,0,0,0,0,0,0,0,0,0,191.341085,0,129,1,128,0,128,0,128,97,31,5,26,0,0,0,0,0,0,0,0,0,0,0,0,0,0,1046850,1726,286,1440,4,1069,1,1068,43,1025,0,1025,0,0,0,0,0,0,0,0,0,0,0,0,0,6.041249,2101677,1877,834,1043,0,73,0,73,2,25,0,25,5.073815,1054449,531,464,67,0,67,0,67,42,25,0,25,0,0,0,0,0,0,0,0,0,0,0,0,0,0,0,0,0,0,0,0,0,0,0,0,0,0,0,0,0,0,0,0,0,0,0,0,0,0,0,0,0,0,0,0,0,0,0,0,0,0,0,0,0,0,0,0,0,0,0,0,0,0,0,0,0,30.988531,9716514,138306,133089,5217,582,3209,4,3205,791,2268,12,2256,8389773,12583617,0,16779097,93118088,0,17775885,124157,0,220075213,1.2567960407533403,137553344,1179964,64439026,40.6012190473701,0.3482865297117823,40.94950557708189,53.55187090327292,29.7830906,20.997984530625,197.56388554687504,255.88569096,382.948509696,2.775275328,237.511423296,1097.6827693575,0,0,0,0,0,0,0,0,0,0,0,0,
PR,BASE,23,8,0,932016225.0,0,0,0,0,0,0,0,0,0,0,0,0,0,0,0,0,0,0,0,0,0,0,0,0,0,0,0,6.615067,2093072,6361,345,6016,5923,93,0,93,28,65,0,65,254.735307,37856,35626935,10172,35616763,227028,35389735,0,35389735,16116082,19273228,2910,19270318,0,1041409,7167,0,7167,6123,1044,0,1044,20,1024,0,1024,12.025156,34771279,95113,84609,10504,10329,175,0,175,51,124,0,124,10.526522,2093807,3713,14,3699,3620,79,0,79,15,64,0,64,0,0,0,0,0,0,0,0,0,0,0,0,0,0,0,0,0,0,0,0,0,0,0,0,0,0,0,0,0,0,0,0,0,0,0,0,0,0,0,0,0,0,0,0,0,0,0,0,0,0,0,0,0,0,0,0,0,0,0,0,0,0,0,0,0,0,0,0,0,0,0,0,0,0,0,0,0,0,117.881255,47496491,35844080,182537,35661543,263525,35398088,0,35398088,16117603,19279993,2988,19277005,276825745,25167143,0,16780971,2132106096,0,336444571,3649,0,3223537326,77.56632617026231,175214425,1787764,171080312,35.79992781597831,0.36527712916333593,36.165204945141646,3.3456518438876515,7.87825346,55.6316580075,577.5958342905,678.49524192,487.79695919999995,4.204820927999999,303.027747568,2106.752261914,0,0,0,0,0,0,0,0,0,0,0,0,
PR,MAA,23,8,1,698828537.0,673039062,0,18136836,589701319,16834536,0,0,0,7412425,1297711753,13958649,0,0,677217249,0,0,0,0,0,0,0,0,0,0,0,0,0,226.984496,0,129,0,129,1,128,0,128,94,34,0,34,0,0,0,0,0,0,0,0,0,0,0,0,0,0,1046148,2428,874,1554,0,506,0,506,3,449,0,449,0,0,0,0,0,0,0,0,0,0,0,0,0,6.027143,2101078,2392,1178,1214,0,70,0,70,3,13,0,13,5.046553,1054465,429,362,67,0,67,0,67,52,15,0,15,0,0,0,0,0,0,0,0,0,0,0,0,0,0,0,0,0,0,0,0,0,0,0,0,0,0,0,0,0,0,0,0,0,0,0,0,0,0,0,0,0,0,0,0,0,0,0,0,0,0,0,0,0,0,0,0,0,0,0,0,0,0,0,0,0,23.256837,9460158,134231,128878,5353,835,2428,2,2426,649,1564,10,1554,16779481,25167141,0,33558181,186857480,0,35607651,247502,0,440826432,1.743430505931792,275034025,2361692,137481854,74.94653522051784,0.6435590384063034,75.59009425892415,50.43836455485,27.152102475,44.818248568125,428.90056693237506,546.07491864,765.6947256,5.554699584,474.9014675039999,2265.9446268284996,0,0,0,0,0,0,0,0,0,0,0,0,
PR,MAA,23,8,2,682450368.0,1221392824,0,116084929,1141515742,16847216,0,0,0,7446629,2495840711,169104936,0,0,499179219,0,0,0,0,0,0,0,0,0,0,0,0,0,168.751938,0,129,0,129,2,127,0,127,107,20,2,18,0,0,0,0,0,0,0,0,0,0,0,0,0,0,1046077,2499,837,1662,1,595,0,595,6,534,0,534,0,0,0,0,0,0,0,0,0,0,0,0,0,6.176637,2101000,2470,1231,1239,0,84,0,84,8,21,0,21,5.13069,1054425,467,402,65,0,65,0,65,50,15,0,15,0,0,0,0,0,0,0,0,0,0,0,0,0,0,0,0,0,0,0,0,0,0,0,0,0,0,0,0,0,0,0,0,0,0,0,0,0,0,0,0,0,0,0,0,0,0,0,0,0,0,0,0,0,0,0,0,0,0,0,0,0,0,0,0,0,21.660921,9721746,140919,135663,5256,873,2464,4,2460,563,1696,9,1687,16779481,25167141,0,33558181,187983561,0,35710022,247502,0,442054884,1.6660126964899857,274473284,2362762,138267110,76.58871326201796,0.659302423489756,77.24801568550772,50.054513493521,27.979250425,45.07808689125,417.08395384575005,549.2224212,764.1336226559998,5.557216224,473.943310752,2255.018611569,0,0,0,0,0,0,0,0,0,0,0,0,
BC,BASE,20,4,0,1409804594.0,0,0,0,0,0,0,0,0,0,0,0,0,0,0,0,0,0,0,0,0,0,0,0,0,0,0,0,6.803096,810369,29554,844,28710,18280,10430,818,9612,8155,1413,45,1368,40.688983,13039895,1980980,1420416,560564,1998,558566,0,558566,104447,454119,3,454116,31.614938,17166033,2937094,2168201,768893,149,768744,0,768744,10632,758112,0,758112,12.246818,14223418,743392,227112,516280,54767,461514,11477,450037,86780,362640,3,362637,54.208379,6683613,6352974,484273,5868701,134705,5734008,2595,5731413,4502008,1122071,60,1122011,84.302941,632617,3668153,170786,3497367,92838,3404403,2912,3401491,2896849,421277,54,421223,57.723953,856765,390355,42447,347908,1875,277053,0,277053,70726,201368,3,201365,56.161987,4479117,8185329,42182,8143147,281670,7861478,4904,7856574,7225598,566050,44,566006,0,0,0,0,0,0,0,0,0,0,0,0,0,0,0,0,0,0,0,0,0,0,0,0,0,0,0,0,0,0,0,0,0,0,0,0,0,0,0,22.779668,144806841,24354728,4627816,19726912,583921,19080040,11438,19068602,14913796,3885498,195,3885303,37104671,5245688,0,61524813,1489350588,0,407259743,30891543,0,2096965847,7.180054501889751,26289378,5709696,23039501,3.551053012748858,0.7712405056780005,4.322293518426859,27.9994758598327,0.7808787825,7.492253833125,483.42434518837507,91.37563836,73.189628352,13.429204992,54.782414687999996,723.6934854135001,0,0,0,0,0,0,0,0,0,0,0,0,
BC,MAA,20,4,1,630381986.0,177022418,4091385,44418149,3933633,10227928,54634816,0,0,404310334,294328329,9356358,0,0,216175594,8.442748,52333441,1250698,749486,501212,0,0,0,501212,0,0,0,501212,5.820951,119447,16433,14,16419,14639,1780,951,829,112,578,0,578,41.202944,83109,11936,7639,4297,5,4292,0,4292,558,3734,0,3734,29.925705,160846,19936,14626,5310,8,5302,0,5302,55,5247,0,5247,23.31662,12022236,3355490,2839909,515581,66268,449332,12731,436601,188380,222118,3,222115,51.250894,4008919,4102701,532627,3570074,116551,3453523,2308,3451215,3068347,380975,53,380922,49.463011,4150366,3694492,357960,3336532,99959,3186604,4152,3182452,2716194,388365,69,388296,25.65069,5310573,393854,204538,189316,252,173958,0,173958,16196,156990,0,156990,79.376308,146914,79077,604,78473,12630,65843,4790,61053,42305,16306,2,16304,0,0,0,0,0,0,0,0,0,0,0,0,0,0,0,0,0,0,0,0,0,0,0,0,0,0,0,0,0,0,0,0,0,0,0,0,0,0,0,16.541645,107534138,13065836,4808915,8256921,314845,7383451,12347,7865311,6081422,1178060,114,1672153,44393100,19856545,0,53145262,1256146705,0,245494994,10070394,0,1673770562,7.606857504133423,42727555,6258551,19330253,12.90743699238152,1.8906266154500617,14.798063607831581,60.53931496412473,10.64833735,6.3168528,212.16334520100003,76.89260268,118.95351311999998,14.720111952,83.864213472,512.910639225,0,0,0,0,0,0,0,0,0,0,0,0,
BC,BASE,21,8,0,1728135032.0,0,0,0,0,0,0,0,0,0,0,0,0,0,0,0,0,0,0,0,0,0,0,0,0,0,0,0,6.609133,673774,27394,62,27332,17870,9462,583,8879,8239,592,0,592,49.210347,8979332,1963036,1403032,560004,1408,558596,0,558596,93906,464690,2,464688,34.945323,15421550,2471938,1940093,531845,2121,529724,6,529718,12751,516967,1,516966,12.284173,15117056,774471,252113,522358,100953,421406,29113,392293,81710,310225,0,310225,74.294388,6929502,6396787,897121,5499666,65390,5434291,2334,5431957,3079559,2229028,240,2228788,131.919101,776196,3799171,494224,3304947,43769,3261165,5458,3255707,1987843,1240735,160,1240575,89.639145,733590,355659,5076,350583,1550,277353,0,277353,70895,198682,1,198681,106.473832,1712032,8192191,29504,8162687,121353,8041339,6482,8034857,5871394,2128760,271,2128489,0,0,0,0,0,0,0,0,0,0,0,0,0,0,0,0,0,0,0,0,0,0,0,0,0,0,0,0,0,0,0,0,0,0,0,0,0,0,0,30.899469,123332911,23998289,5106256,18892033,290490,18535656,15422,18520234,11230704,7088133,700,7087433,72922876,10490918,0,120801650,2984167419,0,811438729,60813522,0,4189962894,15.812597680438518,115277789,14323642,84862338,12.702924902963424,1.5783799311325517,14.281304834095977,34.52052392847422,1.64843315,27.590897323125,1172.739138891375,336.52599048,320.933364576,33.689205984,221.87764987199998,2113.3562471265,0,0,0,0,0,0,0,0,0,0,0,0,
BC,MAA,21,8,1,602492759.0,230364871,5851142,62846108,6621293,13636699,67435431,0,0,302685018,386755544,11477617,0,0,287584504,7.426349,46008062,486964,360355,126609,0,0,0,126609,0,0,0,126609,7.473922,114455,16107,7,16100,14582,1518,804,714,82,568,2,566,50.676037,33150,6909,4762,2147,2,2145,0,2145,550,1595,0,1595,35.945952,63958,9303,7311,1992,3,1989,0,1989,18,1971,0,1971,24.243019,10896322,3227107,2704731,522376,106893,415506,29327,386179,198748,168595,3,168592,45.47235,4842926,4310395,949067,3361328,62833,3298495,2251,3296244,3011776,283761,71,283690,41.382579,4647084,3882733,694860,3187873,53956,3101486,5433,3096053,2718530,300025,52,299973,20.407697,5592212,264644,142259,122385,72,114347,0,114347,8473,105386,2,105384,76.436791,124201,47036,45,46991,10024,36967,6469,30498,24287,4139,2,4137,0,0,0,0,0,0,0,0,0,0,0,0,0,0,0,0,0,0,0,0,0,0,0,0,0,0,0,0,0,0,0,0,0,0,0,0,0,0,0,13.881472,113140479,12278266,4968467,7309799,179498,6964536,14826,7075936,5978218,867761,135,993852,87352886,39415669,0,104185665,3485197421,0,568005166,19363257,0,4391224395,15.099491758062015,65104863,14385987,41944727,20.577725221244044,4.546985799238821,25.124711020482867,47.23326395427902,10.24653125,13.6936709775,403.37334582450006,166.75110852,181.25193859199996,33.835841423999995,136.0883352,934.994240538,0,0,0,0,0,0,0,0,0,0,0,0,
BC,MAA,21,8,2,573224630.0,264723651,8964381,64609418,10692417,15149489,72347984,0,0,316369988,436487340,9495817,0,0,159571078,8.675953,45939055,574979,448420,126559,0,0,0,126559,0,0,0,126559,7.189057,114914,16171,7,16164,14729,1431,702,729,96,573,2,571,50.171806,33637,7124,4934,2190,0,2190,0,2190,525,1665,0,1665,36.277867,67019,9898,7771,2127,10,2117,0,2117,20,2097,0,2097,24.445108,10906206,3225512,2703086,522426,106943,415495,29327,386168,198104,169263,2,169261,45.522363,4843421,4312949,949690,3363259,62761,3300498,2251,3298247,3012121,285423,76,285347,41.380583,4647209,3887676,697021,3190655,54012,3104419,5433,3098986,2719636,301749,61,301688,20.455977,5591361,264534,142328,122206,75,114327,0,114327,8320,105582,0,105582,75.793887,124493,47311,60,47251,9997,37254,6469,30785,24569,4193,1,4192,0,0,0,0,0,0,0,0,0,0,0,0,0,0,0,0,0,0,0,0,0,0,0,0,0,0,0,0,0,0,0,0,0,0,0,0,0,0,0,14.684376,109515335,12343855,5039821,7304034,179412,6958678,15424,7069360,5975423,863684,151,989639,87352574,39415151,0,104185829,3155067387,0,540387384,19363761,0,4033476045,16.080902827738242,64782407,14383204,41900409,21.52127533196163,4.778224641140175,26.299499973101803,47.072461804153825,10.7630968,13.687347286875,382.89070706062506,166.63518444,180.354221088,33.829295808,135.531526032,912.9282817155001,0,0,0,0,0,0,0,0,0,0,0,0,
IS,BASE,b,4,0,1300988954.0,0,0,0,0,0,0,0,0,0,0,0,0,0,0,0,0,0,0,0,0,0,0,0,0,0,0,0,136.413767,10635782,12957535,453085,12504450,515108,7946198,26392,7919806,4043027,3876779,0,3876779,138.90517,136413,125735,125734,1,0,1,0,1,1,0,0,0,124.471455,110495,151651,151650,1,0,1,0,1,0,1,0,1,111.032166,116677,145471,145470,1,0,1,0,1,0,1,0,1,5.032671,8388771,21,19,2,1,1,0,1,0,1,0,1,0,0,0,0,0,0,0,0,0,0,0,0,0,0,0,0,0,0,0,0,0,0,0,0,0,0,0,0,0,0,0,0,0,0,0,0,0,0,0,0,0,0,0,0,0,0,0,0,0,0,0,0,0,0,0,0,0,0,0,0,0,0,0,0,0,0,0,0,0,0,0,0,0,0,0,0,0,0,79.833733,19769062,13345816,808242,12537574,513601,7947577,25761,7921816,4076208,3845579,1,3845578,6291827,7340686,0,147,384541751,0,76521953,41945286,0,519788344,5.081775045755492,19246934,16719460,33633135,2.8172391468095035,2.447284186952354,5.264523333761858,6.487330923417005,0.6418769955,10.941313096875,440.68716417262505,133.4207586,53.58346425599999,39.32416992,61.574466527999995,739.5313365735001,0,0,0,0,0,0,0,0,0,0,0,0,
IS,MAA,b,4,1,383612766.0,0,0,350849309,345950610,0,0,0,0,32759539,696799919,3991001,0,0,346858308,0,0,0,0,0,0,0,0,0,0,0,0,0,39.202832,6261418,554533,423450,131083,102876,28207,28197,10,0,10,0,10,127.571136,138517,123630,123605,25,5,20,16,4,0,4,0,4,117.724125,123041,139103,139089,14,0,14,11,3,0,3,0,3,107.730328,125076,137070,137056,14,1,13,9,4,0,4,0,4,0,0,0,0,0,0,0,0,0,0,0,0,0,0,0,0,0,0,0,0,0,0,0,0,0,0,0,0,0,0,0,0,0,0,0,0,0,0,0,0,0,0,0,0,0,0,0,0,0,0,0,0,0,0,0,0,0,0,0,0,0,0,0,0,0,0,0,0,0,0,0,0,0,0,0,0,0,0,0,0,0,0,0,0,0,0,0,0,0,0,0,129.901953,7126996,886134,754903,131231,100405,30829,28639,2190,44,2115,3,2112,6291829,7340686,0,147,83310121,0,9496952,8407288,0,117993741,5.34652042155785,35774843,33238779,26504973,17.759079531462625,16.50014564116214,34.25922517262477,61.59457766178393,30.197048199999998,8.63084608875,122.66297471325001,105.20604108,99.59716291199999,78.177608208,118.151320864,532.425953866,0,0,0,0,0,0,0,0,0,0,0,0,
IS,BASE,b,8,0,1688407278.0,0,0,0,0,0,0,0,0,0,0,0,0,0,0,0,0,0,0,0,0,0,0,0,0,0,0,0,151.347133,19521490,11412070,740143,10671927,384023,8238330,83772,8154558,2049563,6104996,0,6104996,98.679169,186419,75728,75679,49,11,38,25,13,0,14,0,14,109.587593,146081,116065,116045,20,5,15,6,9,0,9,0,9,98.897663,164334,97812,97799,13,5,8,3,5,0,5,0,5,83.686653,180688,81458,81435,23,5,18,7,11,0,11,0,11,111.065907,152169,109977,109959,18,2,16,8,8,0,8,0,8,107.256954,143640,118506,118489,17,0,17,5,12,0,12,0,12,80.875526,171500,90646,90630,16,1,15,5,10,0,10,0,10,5.07806,8385531,3272,2559,713,706,7,0,7,6,1,0,1,0,0,0,0,0,0,0,0,0,0,0,0,0,0,0,0,0,0,0,0,0,0,0,0,0,0,95.378807,29635932,11977670,1397384,10580286,375764,8247572,89420,8158152,1956978,6201145,1,6201144,29360683,31458542,0,199,924532875,0,170415948,100667242,0,1271117387,11.285462328633255,61428540,55307685,109441598,6.928332856792004,6.237980769502291,13.166313626294293,6.248811797708896,0.8674256650000001,35.603807090625,1134.133053991875,434.15590488,171.01705535999997,130.08367512,199.8524172,2104.8459136425,0,0,0,0,0,0,0,0,0,0,0,0,
IS,MAA,b,8,1,579469572.0,0,0,507714057,331028666,0,0,0,0,71725865,838742723,3129338,0,0,504584719,0,0,0,0,0,0,0,0,0,0,0,0,0,36.15305,13146447,1009744,747555,262189,178052,84137,84089,48,0,48,0,48,90.250427,181733,80414,80381,33,13,20,7,13,0,13,0,13,114.513569,140046,122098,122070,28,4,24,13,11,0,12,0,12,113.202534,137262,124884,124852,32,4,28,14,14,0,15,0,15,98.953335,155159,106989,106945,44,1,43,11,32,0,32,0,32,93.2537,161131,101015,100993,22,4,18,8,10,0,10,0,10,115.71983,143158,118990,118973,17,1,16,7,9,0,9,0,9,81.459595,180799,81347,81323,24,6,18,7,11,0,11,0,11,0,0,0,0,0,0,0,0,0,0,0,0,0,0,0,0,0,0,0,0,0,0,0,0,0,0,0,0,0,0,0,0,0,0,0,0,0,0,0,103.614838,14636900,1761753,1490127,271626,165427,97027,92246,4781,56,4725,3,4722,29360685,31458542,0,199,320773512,0,36248105,33591208,0,466114181,11.731494586959988,77733578,71568162,97432027,25.54546357534641,23.519332604572647,49.06479617991906,34.741532818036816,27.505337725,31.79328022125,362.87745867975,387.22748052,216.41028115199998,168.328317024,255.60457888,1422.2413964769999,0,0,0,0,0,0,0,0,0,0,0,0,
IS,MAA,b,8,2,564499599.0,0,0,952807969,914308752,0,0,0,0,72971051,1867116721,127869821,0,0,344970708,0,0,0,0,0,0,0,0,0,0,0,0,0,41.597331,13113683,1042515,780334,262181,178056,84125,84089,36,0,36,0,36,100.650463,184351,77797,77785,12,2,10,4,6,0,6,0,6,81.624325,179646,82500,82493,7,0,7,1,6,0,6,0,6,68.956879,190211,71935,71920,15,4,11,4,7,0,7,0,7,102.66523,156694,105454,105435,19,0,19,5,14,0,14,0,14,103.450092,156425,105723,105699,24,2,22,7,15,0,15,0,15,117.376705,143133,119015,118988,27,5,22,11,11,0,11,0,11,100.270535,156829,105317,105301,16,2,14,8,6,0,6,0,6,0,0,0,0,0,0,0,0,0,0,0,0,0,0,0,0,0,0,0,0,0,0,0,0,0,0,0,0,0,0,0,0,0,0,0,0,0,0,0,107.969301,14577028,1743254,1480822,262432,165383,97051,92289,4762,45,4718,2,4716,29360685,31458542,0,199,318970618,0,36084192,33591210,0,464147378,12.517347463555907,77798770,71635118,97434046,26.24489622599889,24.16562932867943,50.410525554678316,34.79789135915409,28.460086325,31.7934845775,352.3964291745,387.23214216,216.59177568,168.485797536,255.830816256,1412.330445384,0,0,0,0,0,0,0,0,0,0,0,0,
CG,BASE,c,4,0,337805158.0,0,0,0,0,0,0,0,0,0,0,0,0,0,0,0,0,0,0,0,0,0,0,0,0,0,0,0,6.043672,45635207,36682,36619,63,53,10,0,10,8,2,0,2,7.403379,435252,42475,19810,22665,20170,2495,0,2495,2494,1,0,1,7.35515,24568250,101032,100998,34,24,10,0,10,8,2,0,2,53.555335,1696654,34716715,402271,34314444,11793616,22516781,0,22516781,15017531,1,0,1,10.45946,284735,34034,8441,25593,17202,8390,0,8390,36,2174,0,2174,53.205211,557011,8691786,100584,8591202,2948484,5642718,0,5642718,3753864,2181,0,2181,6.374496,302804,15969,1031,14938,4783,5470,0,5470,54,5,0,5,7.664196,91900,1859,1848,11,0,4,0,4,2,2,0,2,0,0,0,0,0,0,0,0,0,0,0,0,0,0,0,0,0,0,0,0,0,0,0,0,0,0,0,0,0,0,0,0,0,0,0,0,0,0,0,25.014855,75508876,43742385,697215,43045170,14833139,28208219,0,28208219,18772281,4657,10,4647,274620523,2062785,0,361923359,868445999,0,186793675,2478517,0,2427429797,34.16824457698568,22845605,149239,1399810,12.878703692540007,0.08413017997864264,12.96283387251865,93.9125049076219,1.580378655,0.495248289375,117.58479327412502,5.8479684,63.60216431999999,0.351010128,39.367172928,227.24835733950002,0,0,0,0,0,0,0,0,0,0,0,0,
CG,MAA,c,4,1,175709320.0,117165955,0,25286418,152133223,11371059,0,90582553,0,20878699,396539208,47038269,0,0,95414104,0,0,0,0,0,0,0,0,0,0,0,0,0,0,0,0,0,0,0,0,0,0,0,0,0,0,269.734375,18,59,0,59,0,59,0,59,20,39,2,37,0,2,2,0,2,0,2,0,2,0,2,0,2,27.400252,301270,332392,209288,123104,46286,67469,1155,66314,3356,31,0,31,47.377856,24015,201226,88870,112356,19034,93321,18446,74875,9386,4649,9,4640,14.614314,102475,122716,56302,66414,18706,41566,29,41537,15,4638,0,4638,24.697198,342035,240709,129437,111272,42352,59160,9141,50019,48,37,4,33,26.400525,56214,37557,28174,9383,4869,4511,4500,11,3,8,6,2,0,0,0,0,0,0,0,0,0,0,0,0,0,0,0,0,0,0,0,0,0,0,0,0,0,0,0,0,0,0,0,0,0,0,0,0,0,0,0,43.564603,898110,893123,482666,410457,134513,231685,33904,197781,11694,227,23,204,3151696,1613942,0,677636,41093739,0,3286547,232679,0,58685921,1.5962699093737827,22814677,144596,304927,24.726081159769702,0.15671019280168025,24.88279135257138,98.67187867838847,16.30283735,0.114594226875,61.354326482625005,1.32355092,63.516060767999996,0.34008979199999995,39.306275376,165.9548975655,0,0,0,0,0,0,0,0,0,0,0,0,
CG,BASE,c,8,0,344927643.0,0,0,0,0,0,0,0,0,0,0,0,0,0,0,0,0,0,0,0,0,0,0,0,0,0,0,0,6.154273,45598527,83065,59316,23749,23616,133,0,133,131,2,0,2,7.965453,428221,53190,24968,28222,25142,3080,0,3080,3078,2,0,2,5.93699,24591271,70822,48453,22369,22293,76,0,76,74,2,0,2,64.207555,964545,35458119,212520,35245599,5951208,29289921,0,29289921,19376164,1,0,1,6.6073,271274,47475,1389,46086,32900,13185,0,13185,29,2312,0,2312,63.721732,376659,8874546,53640,8820906,1483778,7337128,0,7337128,4837215,2315,0,2315,5.898,294907,23831,548,23283,8773,9817,1,9816,63,12,0,12,5.985769,93481,255,230,25,0,6,0,6,3,3,1,2,0,0,0,0,0,0,0,0,0,0,0,0,0,0,0,0,0,0,0,0,0,0,0,0,0,0,0,0,0,0,0,0,0,0,0,0,0,0,0,28.973008,74648471,44726988,444487,44282501,7590314,36687760,1,36687759,24231893,4670,7,4663,549455937,4125309,0,724133388,1744107051,0,374326195,4954742,0,4863885282,77.59525118922711,45710016,298639,22224094,25.23591977451049,0.16487480217771172,25.4007945766882,51.69584070649316,2.5238699325000002,7.285277281875,231.67822702762504,88.57221624,127.256684544,0.702398928,78.76681735999999,534.2616213815,0,0,0,0,0,0,0,0,0,0,0,0,
CG,MAA,c,8,1,298240314.0,253214590,0,23616512,180740070,22641353,0,225405735,0,21142563,705618260,14972716,0,0,261858386,0,0,0,0,0,0,0,0,0,0,0,0,0,0,0,0,0,0,0,0,0,0,0,0,0,0,307.193548,18,57,0,57,0,57,0,57,20,37,1,36,0,0,0,0,0,0,0,0,0,0,0,0,0,24.412476,151689,319511,189856,129655,54903,70078,1370,68708,947,9,0,9,47.195095,43056,182070,83580,98490,23827,74345,18303,56042,11801,22,8,14,14.809733,103381,121682,56280,65402,23249,36461,143,36318,7,5,0,5,32.417512,225930,211209,134655,76554,40046,31810,10155,21655,357,1199,1072,127,34.721541,56187,37610,28209,9401,4933,4449,3305,1144,312,1018,921,97,0,0,0,0,0,0,0,0,0,0,0,0,0,0,0,0,0,0,0,0,0,0,0,0,0,0,0,0,0,0,0,0,0,0,0,0,0,0,0,32.329954,1512918,854712,484496,370216,139605,194545,40703,153842,4849,2708,2254,454,6303118,3227608,0,1355094,176362465,0,15132684,462895,0,220102366,2.3236915335768726,45673408,324700,727137,29.16304277609698,0.20732501479632723,29.370367790893308,98.41920237241062,4.9787982699999995,0.325622870625,208.36497684187503,3.54356652,127.15476787199998,0.7636944,78.748760896,418.9013894005001,0,0,0,0,0,0,0,0,0,0,0,0,
CG,MAA,c,8,2,201948841.0,308408055,0,36888286,342784939,22716690,0,210710122,0,21331217,921508092,41245914,0,0,131953850,0,0,0,0,0,0,0,0,0,0,0,0,0,0,0,0,0,0,0,0,0,0,0,0,0,0,345.264706,19,63,0,63,0,63,0,63,23,40,1,39,0,0,0,0,0,0,0,0,0,0,0,0,0,30.292853,426243,349477,232122,117355,45857,57427,1457,55970,2575,9,0,9,49.844208,17999,207113,108667,98446,23753,74373,18397,55976,11768,22,6,16,24.200645,142449,82583,56230,26353,15122,9439,8270,1169,5,8,0,8,28.590045,494591,216428,122665,93763,40614,48414,9553,38861,306,1201,1116,85,35.006612,56182,37613,28212,9401,4927,4455,3277,1178,241,1123,1057,66,0,0,0,0,0,0,0,0,0,0,0,0,0,0,0,0,0,0,0,0,0,0,0,0,0,0,0,0,0,0,0,0,0,0,0,0,0,0,0,27.779769,2455435,835196,505669,329527,133501,158634,46368,112266,13041,2841,2319,522,6303118,3227608,0,1355094,147556737,0,12513825,462856,0,188677728,2.5884294618267556,45671797,323127,1117535,43.066789665774756,0.3046966280817196,43.37148629385648,97.57030797572358,11.0278058,0.39914538375,140.85052273125,4.696569,127.150282848,0.7599947039999999,78.743309888,352.59982455500005,0,0,0,0,0,0,0,0,0,0,0,0,
PRH,BASE,2M,4,0,283032048.0,0,0,0,0,0,0,0,0,0,0,0,0,0,0,0,0,0,0,0,0,0,0,0,0,0,0,0,0,0,0,0,0,0,0,0,0,0,0,0,0,5.583711,3432958,82966,6398,76568,4507,72061,0,72061,860,71200,0,71200,5.306755,4670103,76795,866,75929,4918,71011,0,71011,730,70255,0,70255,5.004657,4796451,130084,92,129992,1259,128722,0,128722,7082,121640,0,121640,5.010205,1936489,63547,36,63511,857,62654,0,62654,1,62653,0,62653,5.001945,1000383,8,0,8,3,5,0,5,0,5,0,5,5.004516,1000381,9,0,9,0,9,0,9,0,9,0,9,5.006222,1020419,240,3,237,5,43,0,43,35,8,0,8,5.033991,1020200,630,2,628,114,233,2,231,229,2,0,2,4.813354,5759544,74,1,73,69,1,0,1,0,1,0,1,5.354331,126,1,0,1,0,1,0,1,0,0,0,0,4.266801,105973179,611719,208079,403640,24506,382091,34,382057,13882,331681,48,331633,366,413612,0,17169,635731062,0,423481237,91460031,0,1151450649,6.384124129865333,3394733,1290515,3071324,2.2840509581704604,0.8682868497414531,3.1523378079119135,34.44692788940948,0.341667891,1.0412113125,97.67564399250001,12.49502544,9.450936672,3.03529128,8.021144576,131.719253273,0,0,0,0,0,0,0,0,0,0,0,0,
PRH,MAA,2M,4,1,128006637.0,0,11637457,1463783,15479468,0,13000326,0,0,107644316,41581034,1775296,0,0,11325944,0,0,1,0,1,0,0,0,1,0,0,0,1,0,0,0,0,0,0,0,0,0,0,0,0,0,6.296409,1502176,13029,6671,6358,0,6358,0,6358,58,6300,0,6300,5.522653,2738336,6333,1032,5301,0,5301,0,5301,53,5248,2,5246,5.00001,2858240,65872,26,65846,21,65743,0,65743,6330,59413,0,59413,0,0,0,0,0,0,0,0,0,0,0,0,0,5.564706,366,21,11,10,0,1,0,1,1,0,0,0,5.611765,365,20,10,10,0,1,0,1,1,0,0,0,5.421518,20263,432,54,378,14,64,0,64,62,2,0,2,5.284711,20437,271,53,218,11,33,1,32,32,0,0,0,0,7940,508,0,508,0,32,0,32,32,0,0,0,5.11811,126,1,0,1,1,0,0,0,0,0,0,0,4.622479,46623621,512961,362883,150078,3154,151160,14,151146,12980,84058,64,83994,366,413612,0,17169,308935778,0,168688477,35579456,0,514006016,6.09156409836622,3503997,1327827,607597,5.212751679244953,1.9753534104044006,7.188105089649353,87.42510074870276,4.475450275,0.220662905625,44.512704187875,2.58050172,9.755127648,3.123049104,8.272082688,68.46412825350001,0,0,0,0,0,0,0,0,0,0,0,0,
PRH,BASE,4M,8,0,277605662.0,0,0,0,0,0,0,0,0,0,0,0,0,0,0,0,0,0,0,0,0,0,0,0,0,0,0,0,0,0,0,0,0,0,0,0,0,0,0,0,0,5.341581,3438857,70972,3396,67576,140,67436,0,67436,425,67011,0,67011,5.156385,4675764,67573,526,67047,114,66933,0,66933,369,66562,0,66562,5.003031,4794951,128194,70,128124,1272,126839,0,126839,7444,119395,0,119395,5.005333,1936019,64017,27,63990,1368,62622,0,62622,2,62620,0,62620,5.002081,1000384,7,0,7,2,4,0,4,0,4,0,4,5.003752,1000385,8,0,8,0,8,0,8,0,8,0,8,5.002898,1012174,122,4,118,3,24,0,24,16,8,0,8,5.024068,1011988,407,4,403,12,179,0,179,177,2,0,2,4.811642,5753117,145,23,122,4,13,0,13,13,0,0,0,5.354331,126,1,0,1,0,1,0,1,0,0,0,0,4.239223,104935802,465620,113161,352459,8810,346170,9,346161,10848,317113,72,317041,550,677930,0,17731,1238763005,0,841047354,180779797,0,2261632221,12.843360589448611,6530771,2482189,6448807,4.479937102085799,1.7027163554638876,6.182653457549686,28.449621434023896,0.32452020025,2.163714568125,191.44268977237502,26.06912532,18.181666464,5.838108528,15.43018752,259.1254921725,0,0,0,0,0,0,0,0,0,0,0,0,
PRH,MAA,4M,8,1,118660509.0,0,11868811,2436670,19201285,0,15909956,0,0,96797988,49416722,2838854,0,0,11466627,0,0,0,0,0,0,0,0,0,0,0,0,0,0,0,0,0,0,0,0,0,0,0,0,0,0,5.628485,1497666,6952,4090,2862,0,2862,0,2862,19,2843,0,2843,5.277216,2738837,3103,518,2585,0,2585,0,2585,19,2566,0,2566,5.000008,2857792,64050,2,64048,11,64021,0,64021,6100,57921,0,57921,0,0,0,0,0,0,0,0,0,0,0,0,0,5.623529,367,21,11,10,0,1,0,1,1,0,0,0,5.576471,367,18,9,9,0,1,0,1,1,0,0,0,5.429832,12088,231,37,194,7,20,0,20,16,4,0,4,5.551223,12094,229,60,169,11,17,1,16,16,0,0,0,0,4094,258,16,242,0,16,0,16,16,0,0,0,5.11811,126,1,0,1,1,0,0,0,0,0,0,0,4.499345,44043509,492393,369896,122497,636,135320,2,135320,8886,71883,27,71856,550,677930,0,17731,606020935,0,333436881,69043677,0,1009585675,12.643212561836346,6684181,2586786,1987085,10.726988055316628,4.1513571406370176,14.878345195953646,78.56658318382537,3.7677978275,0.679571788125,82.161137418375,8.1278982,18.608759904,6.084120671999999,15.871895503999998,131.53338348650001,0,0,0,0,0,0,0,0,0,0,0,0,
PRH,MAA,4M,8,2,117995099.0,0,12233299,2518411,28579865,0,23669961,0,0,98642839,67001536,1453613,0,0,5968342,0,0,0,0,0,0,0,0,0,0,0,0,0,0,0,0,0,0,0,0,0,0,0,0,0,0,5.631303,1497581,7031,4082,2949,0,2949,0,2949,18,2931,0,2931,5.292409,2738010,3230,593,2637,0,2637,0,2637,17,2620,0,2620,5.000006,2856373,64150,2,64148,7,64139,1,64138,6387,57751,0,57751,0,0,1,0,1,0,1,0,1,1,0,0,0,5.623529,367,21,11,10,0,1,0,1,1,0,0,0,6.352941,367,18,9,9,0,1,0,1,1,0,0,0,5.454043,12665,242,40,202,10,21,0,21,17,4,0,4,5.352212,12680,229,46,183,7,18,1,17,17,0,0,0,0,4339,269,17,252,0,17,0,17,17,0,0,0,5.11811,126,1,0,1,1,0,0,0,0,0,0,0,4.540169,44105556,521219,396029,125190,365,139453,2,139453,8985,72287,24,72263,550,677930,0,17731,595474452,0,332474813,69053999,0,998088558,12.79285622156516,6740639,2585278,2068624,10.8785972870079,4.1723341417573625,15.050931428765262,77.81854588669404,4.040733455,0.705530870625,81.660309859875,8.44716624,18.765938976,6.080573856,15.965969903999998,131.6254897065,0,0,0,0,0,0,0,0,0,0,0,0,
PRO,BASE,2M,4,0,218517507.0,0,0,0,0,0,0,0,0,0,0,0,0,0,0,0,0,0,0,0,0,0,0,0,0,0,0,0,0,0,0,0,0,0,0,0,0,0,0,0,0,6.640601,2905956,94898,18735,76163,4872,71291,0,71291,771,70519,0,70519,5.499352,2927467,77503,1825,75678,4732,70946,0,70946,951,69974,0,69974,5.011017,1936106,64004,70,63934,1276,62658,0,62658,1,62657,0,62657,5.013009,1936472,63568,41,63527,868,62659,0,62659,1,62658,0,62658,5.001943,1000383,9,0,9,3,6,0,6,0,6,0,6,5.004616,1000381,9,0,9,0,9,0,9,0,9,0,9,5.006052,1020447,238,3,235,6,41,0,41,34,7,0,7,5.033901,1020170,654,5,649,107,234,2,232,230,2,0,2,4.813972,5760385,71,1,70,67,1,0,1,0,1,0,1,5.354331,126,1,0,1,0,1,0,1,0,0,0,0,4.284365,78545575,419662,102563,317099,26282,291564,21,291543,5892,269030,41,268989,366,1068972,0,17169,487812336,0,338066269,76001939,0,903315070,6.628305798225014,3124476,1071616,2644438,2.7228689551374052,0.9338749723884985,3.6567439275259037,36.97855051795814,0.40966112899999996,0.88685487375,75.29962593825,10.68702408,8.698541184,2.520440832,7.183709504,105.276196412,0,0,0,0,0,0,0,0,0,0,0,0,
PRO,MAA,2M,4,1,65290899.0,0,11634659,1474700,15145559,0,12654899,0,0,44896651,40909817,1793806,0,0,11315553,0,0,0,0,0,0,0,0,0,0,0,0,0,0,0,0,0,0,0,0,0,0,0,0,0,0,9.302499,977783,22810,17268,5542,0,5542,0,5542,53,5489,0,5489,6.359909,997666,7056,1983,5073,0,5073,0,5073,42,5031,0,5031,0,0,0,0,0,0,0,0,0,0,0,0,0,0,0,0,0,0,0,0,0,0,0,0,0,0,5.678431,384,3,2,1,0,1,0,1,0,1,0,1,5.607843,367,20,10,10,0,1,0,1,1,0,0,0,5.431937,20284,434,56,378,15,66,0,66,62,4,0,4,5.275821,20441,258,51,207,9,33,1,32,32,0,0,0,0,7939,509,0,509,0,32,0,32,32,0,0,0,5.11811,126,1,0,1,1,0,0,0,0,0,0,0,5.194493,19175076,472255,388679,83576,3845,84391,7,84384,7008,21963,92,21871,366,1068972,0,17169,167530155,0,83853980,20123228,0,272965194,6.671386364531111,3222192,1099404,399606,9.397981859474871,3.2065683386446593,12.604550198119531,90.75327726145619,8.70581913,0.140983755,22.665796368,1.66650216,8.970582528,2.585798208,7.398572351999999,43.428235371,0,0,0,0,0,0,0,0,0,0,0,0,
PRO,BASE,4M,8,0,214790521.0,0,0,0,0,0,0,0,0,0,0,0,0,0,0,0,0,0,0,0,0,0,0,0,0,0,0,0,0,0,0,0,0,0,0,0,0,0,0,0,0,5.963509,2925063,76559,10071,66488,160,66328,0,66328,352,65972,0,65972,5.220806,2936721,66978,776,66202,137,66065,0,66065,4012,62052,0,62052,5.005678,1936101,63981,71,63910,1272,62638,0,62638,17,62621,0,62621,5.004505,1936035,64010,17,63993,1372,62621,0,62621,2,62619,0,62619,5.001129,1000384,7,0,7,4,2,0,2,0,2,0,2,5.005989,1000383,8,0,8,0,8,0,8,0,8,0,8,5.002682,1012164,121,4,117,3,24,0,24,16,8,0,8,5.023848,1011986,404,3,401,12,178,0,178,176,2,0,2,4.814314,5756678,149,26,123,5,12,0,12,12,0,0,0,5.354331,126,1,0,1,0,1,0,1,0,0,0,0,4.262399,77701243,420042,129819,290223,8776,284112,15,284097,3058,260211,33,260178,550,2119722,0,17731,956086040,0,671466224,150045491,0,1780086092,13.32488646475617,6042226,2069737,5598104,5.356950585221821,1.8349990274122905,7.191949612634112,30.989527442371227,0.388460882,1.85369997375,147.88218732525,22.44827904,16.821557184,4.868021424,13.887680656,207.76142560299996,0,0,0,0,0,0,0,0,0,0,0,0,
PRO,MAA,4M,8,1,65597165.0,0,11867841,2425759,19324136,0,15885350,0,0,43757976,49503086,2821681,0,0,11471919,0,0,0,0,0,0,0,0,0,0,0,0,0,0,0,0,0,0,0,0,0,0,0,0,0,0,5.849483,995178,4429,1779,2650,0,2650,0,2650,21,2629,0,2629,5.673437,998168,3479,837,2642,0,2642,0,2642,19,2623,0,2623,0,0,0,0,0,0,0,0,0,0,0,0,0,0,0,0,0,0,0,0,0,0,0,0,0,0,5.623529,367,21,11,10,0,1,0,1,1,0,0,0,5.576471,367,18,9,9,0,1,0,1,1,0,0,0,5.412662,12677,246,38,208,7,22,0,22,17,5,0,5,5.333238,12681,224,45,179,7,18,1,17,17,0,0,0,0,4339,269,17,252,0,17,0,17,17,0,0,0,5.11811,126,1,0,1,1,0,0,0,0,0,0,0,4.913887,18403599,442904,383865,59039,813,72177,1,72176,3056,12985,43,12942,550,2119722,0,17731,319591941,0,163518775,38308461,0,523946946,12.249241036045916,6222868,2153177,1193194,18.065140389965936,6.250726319350769,24.315866709316705,85.7546849378197,6.7073624125,0.405264069375,45.379958206125,4.85986824,17.324464512,5.064272304,14.33978904,87.3736163715,0,0,0,0,0,0,0,0,0,0,0,0,
PRO,MAA,4M,8,2,64545742.0,0,12299623,2550130,28169760,0,23169132,0,0,44896447,66188645,1464949,0,0,5836651,0,0,0,0,0,0,0,0,0,0,0,0,0,0,0,0,0,0,0,0,0,0,0,0,0,0,5.849234,996240,4382,1809,2573,0,2573,0,2573,24,2549,1,2548,5.700098,999223,3434,877,2557,0,2557,0,2557,23,2534,0,2534,0,0,0,0,0,0,0,0,0,0,0,0,0,0,0,0,0,0,0,0,0,0,0,0,0,0,6.168627,367,21,11,10,0,1,0,1,1,0,0,0,5.580392,367,18,9,9,0,1,0,1,1,0,0,0,5.501902,11509,221,38,183,10,20,0,20,15,5,0,5,5.221154,11537,193,35,158,8,16,1,15,15,0,0,0,0,3847,249,15,234,0,15,0,15,15,0,0,0,5.11811,126,1,0,1,1,0,0,0,0,0,0,0,5.041387,18307268,494186,431791,62395,380,78204,5,78199,3103,13312,36,13276,550,2119722,0,17731,310531659,0,162676916,38318843,0,514056294,12.706028885458348,6261078,2153088,1265256,18.472145671091095,6.352285529533122,24.82443120062422,84.96278775579184,7.223837135,0.4275405225,44.6138347215,5.13710496,17.430841152,5.064062976,14.405052191999998,87.07843652400001,0,0,0,0,0,0,0,0,0,0,0,0,
XRAGE,BASE,--,4,0,75479404.0,0,0,0,0,0,0,0,0,0,0,0,0,0,0,0,0,0,0,0,0,0,0,0,0,0,0,0,7.00888,2594380,27066,27061,5,0,5,0,5,0,5,0,5,66.448949,2699078,2019514,1317539,701975,68885,633090,16,633074,515428,117646,524,117122,10.639273,4632580,86019,86009,10,0,10,0,10,0,10,0,10,0,0,0,0,0,0,0,0,0,0,0,0,0,0,0,0,0,0,0,0,0,0,0,0,0,0,0,0,0,0,0,0,0,0,0,0,0,0,0,0,0,0,0,0,0,0,0,0,0,0,0,0,0,0,0,0,0,0,0,0,0,0,0,0,0,0,0,0,0,0,0,0,0,0,0,0,0,0,0,0,0,0,0,0,0,0,0,0,0,0,0,0,0,0,0,0,0,0,0,0,0,0,0,0,25.982802,13586876,2189193,1465278,723915,81173,642676,20,642656,462333,164547,156,164391,18875185,18875692,0,18874705,179994207,0,23996287,7404,0,260625719,14.757946001064662,4590281,1545236,2334515,11.581013584962738,3.898541093230127,15.479554678192866,61.950802189937704,5.72486901,0.771443221875,25.383264329625003,9.3496314,12.779342303999998,3.634395072,10.504005104,62.4220814315,0,0,0,0,0,0,0,0,0,0,0,0,
XRAGE,MAA,--,4,1,42141196.0,13125518,14298860,0,41163062,0,0,0,0,106422,68587440,9714645,0,0,17709733,0,0,0,0,0,0,0,0,0,0,0,0,0,0,0,0,0,0,0,0,0,0,0,0,0,0,0,0,0,0,0,0,0,0,0,0,0,0,0,0,0,0,0,0,0,0,0,0,0,0,0,0,0,0,0,0,0,0,0,0,0,0,0,0,0,0,0,0,0,0,0,0,0,0,0,0,0,0,0,0,0,0,0,0,0,0,0,0,0,0,0,0,0,0,0,0,0,0,0,0,0,0,0,0,0,0,0,0,0,0,0,0,0,0,0,0,0,0,0,0,0,0,0,0,0,0,0,0,0,0,0,0,0,0,0,0,0,0,0,0,0,0,0,0,0,0,0,0,0,0,0,0,0,0,0,0,42.374793,158066,552,426,126,13,124,0,124,12,3,2,1,531,840,0,207,8070095,0,758858,21062,0,8853856,0.7635984437052284,6164974,2479090,325391,27.85865582208443,11.202661205379178,39.06131702746361,96.23567109174573,29.6819038,0.1075458825,14.607068356500003,1.30332516,17.163287616,5.83081968,14.798637568,53.810684263,0,0,0,0,0,0,0,0,0,0,0,0,
XRAGE,BASE,--,8,0,44163448.0,0,0,0,0,0,0,0,0,0,0,0,0,0,0,0,0,0,0,0,0,0,0,0,0,0,0,0,9.91905,1285034,25691,25686,5,0,5,0,5,0,5,0,5,53.11739,1366589,992707,636489,356218,38044,318174,11,318163,269074,49089,0,49089,48.459373,2253896,105408,105393,15,0,11,0,11,0,11,0,11,0,0,0,0,0,0,0,0,0,0,0,0,0,0,0,0,0,0,0,0,0,0,0,0,0,0,0,0,0,0,0,0,0,0,0,0,0,0,0,0,0,0,0,0,0,0,0,0,0,0,0,0,0,0,0,0,0,0,0,0,0,0,0,0,0,0,0,0,0,0,0,0,0,0,0,0,0,0,0,0,0,0,0,0,0,0,0,0,0,0,0,0,0,0,0,0,0,0,0,0,0,0,0,0,31.616982,7799163,1251548,859275,392273,50278,341831,16,341815,229918,52210,423,51787,18875589,18876660,0,18874885,259959804,0,31268235,10298,0,347868976,35.89838322449751,4409560,1433754,3371294,19.013761636223013,6.18226235746453,25.196023993687543,42.3051028919548,8.16795516,1.111011298125,29.423309754375005,13.47941784,12.27621504,3.372189408,10.003753568,69.6658969085,0,0,0,0,0,0,0,0,0,0,0,0,
XRAGE,MAA,--,8,1,22283376.0,6972164,7261214,0,21848836,0,0,0,0,130636,36082214,5116204,0,0,9117174,0,0,0,0,0,0,0,0,0,0,0,0,0,0,0,0,0,0,0,0,0,0,0,0,0,0,0,0,0,0,0,0,0,0,0,0,0,0,0,0,0,0,0,0,0,0,0,0,0,0,0,0,0,0,0,0,0,0,0,0,0,0,0,0,0,0,0,0,0,0,0,0,0,0,0,0,0,0,0,0,0,0,0,0,0,0,0,0,0,0,0,0,0,0,0,0,0,0,0,0,0,0,0,0,0,0,0,0,0,0,0,0,0,0,0,0,0,0,0,0,0,0,0,0,0,0,0,0,0,0,0,0,0,0,0,0,0,0,0,0,0,0,0,0,0,0,0,0,0,0,0,0,0,0,0,0,11.639543,206916,526,399,127,13,124,0,124,13,2,1,1,783,1272,0,351,17104399,0,1581963,23039,0,18714738,0.8267346978787236,6164977,2479090,312862,52.6849081356605,21.185906923908163,73.87081505956866,96.38061574488027,22.803937925,0.10545625875,15.458971286250001,1.26831912,17.163295968,5.83081968,14.798642703999999,54.625505016999995,0,0,0,0,0,0,0,0,0,0,0,0,
XRAGE,MAA,--,8,2,21780435.0,9795312,8548621,0,38927298,0,0,0,0,130321,57271231,4287022,0,0,4880387,0,0,0,0,0,0,0,0,0,0,0,0,0,0,0,0,0,0,0,0,0,0,0,0,0,0,0,0,0,0,0,0,0,0,0,0,0,0,0,0,0,0,0,0,0,0,0,0,0,0,0,0,0,0,0,0,0,0,0,0,0,0,0,0,0,0,0,0,0,0,0,0,0,0,0,0,0,0,0,0,0,0,0,0,0,0,0,0,0,0,0,0,0,0,0,0,0,0,0,0,0,0,0,0,0,0,0,0,0,0,0,0,0,0,0,0,0,0,0,0,0,0,0,0,0,0,0,0,0,0,0,0,0,0,0,0,0,0,0,0,0,0,0,0,0,0,0,0,0,0,0,0,0,0,0,0,19.883145,210327,545,419,126,13,124,1,124,13,2,1,1,783,1272,0,351,19019758,0,1756087,23039,0,20804223,1.603829352175473,6163931,2479090,458194,53.89233239228326,21.67511971019557,75.56745210247882,94.69868232415494,24.6780262,0.1519255725,15.044266993500003,1.83885624,17.160383904,5.83081968,14.796851951999997,54.823104342,0,0,0,0,0,0,0,0,0,0,0,0,
GZP,BASE,2M,4,0,162725043.0,0,0,0,0,0,0,0,0,0,0,0,0,0,0,0,0,0,0,0,0,0,0,0,0,0,0,0,38.262543,582209,471791,2865,468926,47763,421163,0,421163,358404,62759,0,62759,37.57678,1095566,469366,445,468921,47830,421091,0,421091,357517,63574,0,63574,5.957578,500328,310,0,310,308,2,0,2,1,1,0,1,5.073222,504217,345,1,344,343,1,0,1,0,1,0,1,96.621797,6970,467929,0,467929,46651,421278,0,421278,357536,63742,0,63742,6.007903,500336,302,0,302,301,1,0,1,0,1,0,1,5.010628,500315,325,0,325,322,3,0,3,2,1,0,1,7.134136,541698,3329,3328,1,0,1,0,1,0,1,0,1,5.014236,500251,458,2,456,454,2,0,2,1,1,0,1,0,8,1,0,1,0,1,0,1,0,1,0,1,0,0,0,0,0,0,0,0,0,0,0,0,0,19.353587,8670032,1417536,8758,1408778,143616,1265018,0,1265018,1075073,189915,3,189912,10061008,2180614,0,15761433,100272379,0,31017666,3802390,0,178577809,4.88566281161553,1772249,576124,1870381,2.0739873781294675,0.6742133324591868,2.7482007105886543,20.354177126035765,0.483403012,0.607940056875,56.144612378625006,7.41584796,4.933941216,1.3550436479999997,4.020414575999999,74.4777998355,0,0,0,0,0,0,0,0,0,0,0,0,
GZP,MAA,2M,4,1,30444155.0,4489459,0,20349399,26044122,0,6172016,6759796,0,3824316,63814792,849737,0,0,23989121,0,0,0,0,0,0,0,0,0,0,0,0,0,6.102956,578059,1029,1022,7,2,5,2,3,0,3,0,3,5.045007,1089953,72,67,5,4,1,0,1,0,1,0,1,0,0,0,0,0,0,0,0,0,0,0,0,0,0,0,0,0,0,0,0,0,0,0,0,0,0,0,0,0,0,0,0,0,0,0,0,0,0,0,0,0,0,0,0,0,0,0,0,0,0,0,0,0,0,0,0,0,0,0,0,0,0,0,0,0,6.428004,543914,1109,1103,6,4,2,0,2,0,2,0,2,0,0,0,0,0,0,0,0,0,0,0,0,0,0,0,5,4,1,0,1,0,1,0,1,0,1,0,0,0,0,0,0,0,0,0,0,0,0,0,6.851136,2522736,2084,2044,40,8,33,2,33,10,12,1,11,4360041,2180066,0,4360013,30451575,0,2972779,4353,0,46508916,1.6501738045782517,4095696,2134082,281958,25.618845293242117,13.34882193431659,38.96766722755871,95.47402812748705,29.092269899999998,0.09201351,10.533330957,1.12064808,11.402417663999998,5.019360864,10.665379936,38.833151011,0,0,0,0,0,0,0,0,0,0,0,0,
GZP,BASE,4M,8,0,164039571.0,0,0,0,0,0,0,0,0,0,0,0,0,0,0,0,0,0,0,0,0,0,0,0,0,0,0,0,41.542419,539967,490098,21144,468954,47456,421498,0,421498,357496,64002,0,64002,38.691842,1047104,472805,3861,468944,47423,421521,0,421521,357274,64247,0,64247,5.9577,500315,322,0,322,321,1,0,1,0,1,0,1,5.074928,504164,398,0,398,396,2,0,2,1,1,0,1,96.695173,6699,468200,0,468200,46367,421833,0,421833,358338,63495,0,63495,6.008741,500306,330,0,330,329,1,0,1,0,1,0,1,5.010598,500303,334,0,334,333,1,0,1,0,1,0,1,18.096773,491165,31341,31340,1,0,1,0,1,0,1,0,1,5.015216,500207,494,0,494,493,1,0,1,0,1,0,1,0,3,4,3,1,0,1,0,1,0,1,0,1,0,0,0,0,0,0,0,0,0,0,0,0,0,21.422273,8523703,1505050,96589,1408461,143903,1264494,0,1264494,1072824,191638,6,191632,19761550,4181182,0,31162209,201996142,0,62149305,7604144,0,357638405,10.696911036626737,3515354,1141484,4131661,4.080902398172352,1.3251253765838005,5.4060277747561525,11.27754497794426,0.776374653,1.34449999125,113.03632119975002,16.39313676,9.786745536,2.684770368,7.972506655999999,151.21798051100004,0,0,0,0,0,0,0,0,0,0,0,0,
GZP,MAA,4M,8,1,30972307.0,4517290,0,20217446,26870346,0,6378150,6893503,0,3938213,64876735,732155,0,0,24002581,0,0,0,0,0,0,0,0,0,0,0,0,0,6.22178,554365,808,805,3,0,3,0,3,0,3,0,3,5.197858,1044488,529,528,1,0,1,0,1,0,1,0,1,0,0,0,0,0,0,0,0,0,0,0,0,0,0,0,0,0,0,0,0,0,0,0,0,0,0,0,0,0,0,0,0,0,0,0,0,0,0,0,0,0,0,0,0,0,0,0,0,0,0,0,0,0,0,0,0,0,0,0,0,0,0,0,0,0,6.181347,521067,1446,1445,1,0,1,0,1,0,1,0,1,0,0,0,0,0,0,0,0,0,0,0,0,0,0,1,5,4,1,0,1,0,1,0,1,0,1,0,0,0,0,0,0,0,0,0,0,0,0,0,8.769952,2412217,21154,21119,35,1,37,1,37,11,10,1,9,8360069,4180114,0,8360029,58151770,0,5678959,8572,0,88919676,3.9752157205033516,8157279,4264143,712581,50.154226551972016,26.217663276198547,76.37188982817057,94.26328966200488,28.422118675,0.233026783125,21.370436217375,2.83575516,22.709864736,10.029264336,21.265474464,78.44382169650001,0,0,0,0,0,0,0,0,0,0,0,0,
GZP,MAA,4M,8,2,30670769.0,6225984,0,25573162,52847734,0,12175238,12431043,0,3981704,109253161,2703393,0,0,13068333,0,0,0,0,0,0,0,0,0,0,0,0,0,6.321539,554253,943,940,3,0,3,0,3,0,3,0,3,5.206375,1044556,481,480,1,0,1,0,1,0,1,0,1,0,0,0,0,0,0,0,0,0,0,0,0,0,0,0,0,0,0,0,0,0,0,0,0,0,0,0,0,0,0,0,0,0,0,0,0,0,0,0,0,0,0,0,0,0,0,0,0,0,0,0,0,0,0,0,0,0,0,0,0,0,0,0,0,0,6.231259,520654,1879,1878,1,0,1,0,1,0,1,0,1,0,0,0,0,0,0,0,0,0,0,0,0,0,0,1,6,5,1,0,1,0,1,0,1,0,1,0,0,0,0,0,0,0,0,0,0,0,0,0,9.677407,2340589,23473,23440,33,8,34,0,34,8,11,3,8,8360069,4180114,0,8360029,55662114,0,5452625,8570,0,86203683,4.3582559538842345,8157228,4264455,826519,50.64699770701895,26.477357578663423,77.12435528568237,93.3461592925854,29.50395775,0.2700162375,21.1095060705,3.28717764,22.709722752,10.02999816,21.265921296,78.672342156,0,0,0,0,0,0,0,0,0,0,0,0,
GZZ,BASE,2M,4,0,154373942.0,0,0,0,0,0,0,0,0,0,0,0,0,0,0,0,0,0,0,0,0,0,0,0,0,0,0,0,57.967053,6804,468107,0,468107,45458,422649,0,422649,364676,57973,0,57973,60.404586,25474,979716,4,979712,184645,795067,0,795067,698805,96262,0,96262,5.956852,500386,245,0,245,243,2,0,2,1,1,0,1,5.478024,1001137,234,0,234,231,3,0,3,1,2,0,2,5.478433,1001130,241,0,241,238,3,0,3,1,2,0,2,5.00432,1001217,255,1,254,249,5,0,5,3,2,0,2,95.299666,7455,497051,0,497051,51215,445836,0,445836,389350,56486,0,56486,0,0,0,0,0,0,0,0,0,0,0,0,0,0,0,0,0,0,0,0,0,0,0,0,0,0,0,0,0,0,0,0,0,0,0,0,0,0,0,0,0,0,0,0,0,0,0,0,0,0,0,0,20.179173,9119982,1947005,137,1946868,283108,1663762,0,1663762,1460774,202717,1,202716,7601224,614,0,11401433,103220481,0,38624464,3802385,0,198855296,6.0424456557313535,1696644,353797,1690781,2.092919349676146,0.43643132392969386,2.52935067360584,17.540616872175306,0.37321917699999996,0.551145886875,53.29772447962501,6.71546076,4.723456896,0.8321305439999999,3.510354992,69.63027355850001,0,0,0,0,0,0,0,0,0,0,0,0,
GZZ,MAA,2M,4,1,32218355.0,10058545,0,20303624,31104065,0,15305819,0,34394,66907,76806447,1442841,0,0,28919328,6.58185,2148548,5839,5618,221,0,0,0,221,0,0,0,221,0,0,0,0,0,0,0,0,0,0,0,0,0,0,0,0,0,0,0,0,0,0,0,0,0,0,0,0,0,0,0,0,0,0,0,0,0,0,0,7.676402,529435,5388,5382,6,3,3,1,2,0,2,0,2,0,0,0,0,0,0,0,0,0,0,0,0,0,0,0,0,0,0,0,0,0,0,0,0,0,0,0,0,0,0,0,0,0,0,0,0,0,0,0,0,0,0,0,0,0,0,0,0,0,0,0,0,0,0,0,0,0,0,0,0,0,0,0,0,0,0,0,0,0,0,0,0,0,0,0,0,0,0,0,0,0,0,0,0,0,0,0,0,0,0,0,11.5877,2933828,19849,19343,506,269,36,1,239,12,9,1,211,5700689,1900282,0,3800445,41110530,0,3027825,5775,0,59346199,3.1393099268351845,4959031,2042647,309586,29.310905287864518,12.073292696403914,41.38419798426843,95.57840277716285,32.0827217,0.100636695,11.142791853,1.22754936,13.805942303999998,4.804305744,11.986872736,43.068098692,0,0,0,0,0,0,0,0,0,0,0,0,
GZZ,BASE,4M,8,0,154386287.0,0,0,0,0,0,0,0,0,0,0,0,0,0,0,0,0,0,0,0,0,0,0,0,0,0,0,0,57.853042,6664,468249,0,468249,45292,422957,0,422957,363881,59076,0,59076,60.77822,25229,979686,4,979682,182492,797190,0,797190,701051,96139,0,96139,5.956229,500391,239,0,239,236,3,0,3,2,1,0,1,5.478089,1001120,243,0,243,241,2,0,2,0,2,0,2,5.478698,1001122,241,0,241,239,2,0,2,0,2,0,2,5.0045,1001202,260,0,260,256,4,0,4,2,2,0,2,95.539504,7503,497392,0,497392,50985,446407,0,446407,389635,56772,0,56772,0,0,0,0,0,0,0,0,0,0,0,0,0,0,0,0,0,0,0,0,0,0,0,0,0,0,0,0,0,0,0,0,0,0,0,0,0,0,0,0,0,0,0,0,0,0,0,0,0,0,0,0,20.233708,9108696,1947526,135,1947391,281581,1665812,0,1665812,1462075,203463,2,203461,15201888,1182,0,22802209,209551931,0,77529878,7604137,0,401098820,12.153329884592198,3387449,709015,3867863,4.178301807032484,0.8745456110817127,5.0528474181141965,5.580446941557398,0.42897254225,1.25730345,106.39531844400001,15.33645828,9.430658016,1.66760328,7.013146368,141.10048783800002,0,0,0,0,0,0,0,0,0,0,0,0,
GZZ,MAA,4M,8,1,33044050.0,10281383,0,20199769,31993581,0,13909497,0,68582,444694,76452812,1504778,0,0,28976374,7.560905,2143889,11374,11182,192,0,0,0,192,0,0,0,192,0,0,0,0,0,0,0,0,0,0,0,0,0,0,0,0,0,0,0,0,0,0,0,0,0,0,0,0,0,0,0,0,0,0,0,0,0,0,0,12.761346,522273,12797,12796,1,0,1,0,1,0,1,0,1,0,0,0,0,0,0,0,0,0,0,0,0,0,0,0,0,0,0,0,0,0,0,0,0,0,0,0,0,0,0,0,0,0,0,0,0,0,0,0,0,0,0,0,0,0,0,0,0,0,0,0,0,0,0,0,0,0,0,0,0,0,0,0,0,0,0,0,0,0,0,0,0,0,0,0,0,0,0,0,0,0,0,0,0,0,0,0,0,0,0,0,14.826476,2566592,33636,33147,489,273,34,1,216,10,9,1,190,11401083,3800452,0,7600705,93486767,0,7079690,11405,0,130981209,8.29210515496581,9914651,4082699,746695,57.13732888034018,23.52826291943468,80.66559179977486,94.66545453246508,29.69830085,0.243011045625,22.807454746875,2.962845,27.602388383999998,9.602508048,23.9634632,87.1816704245,0,0,0,0,0,0,0,0,0,0,0,0,
GZZ,MAA,4M,8,2,32686554.0,24218760,0,21224380,62915971,0,23273805,0,68774,381994,131701690,6579300,0,0,16311744,10.585403,2134042,22816,22609,207,0,0,0,207,0,0,0,207,0,0,0,0,0,0,0,0,0,0,0,0,0,0,0,0,0,0,0,0,0,0,0,0,0,0,0,0,0,0,0,0,0,0,0,0,0,0,0,18.667741,513759,21778,21774,4,2,2,0,2,0,2,0,2,0,0,0,0,0,0,0,0,0,0,0,0,0,0,0,0,0,0,0,0,0,0,0,0,0,0,0,0,0,0,0,0,0,0,0,0,0,0,0,0,0,0,0,0,0,0,0,0,0,0,0,0,0,0,0,0,0,0,0,0,0,0,0,0,0,0,0,0,0,0,0,0,0,0,0,0,0,0,0,0,0,0,0,0,0,0,0,0,0,0,0,13.812857,3109581,38042,37515,527,274,41,1,254,5,19,1,232,11401083,3800452,0,7600705,96159056,0,7322627,11405,0,133896435,7.912364476826465,9914646,4082699,935958,57.76221625889607,23.785593813231326,81.54781007212739,93.31331763273678,30.828237075,0.30456022875,22.47426949425,3.71348808,27.602374463999997,9.602508048,23.96345464,87.660654955,0,0,0,0,0,0,0,0,0,0,0,0,
GZPI,BASE,2M,4,0,85563833.0,0,0,0,0,0,0,0,0,0,0,0,0,0,0,0,0,0,0,0,0,0,0,0,0,0,0,0,7.192229,1783963,21558,5712,15846,8538,7308,1,7307,18,7289,0,7289,9.597079,2252373,30095,5707,24388,16746,6907,3,6904,848,6056,0,6056,99.432019,106365,515409,31604,483805,43362,440443,0,440443,336593,103850,0,103850,105.586691,97302,503431,20711,482720,42277,440443,0,440443,335513,104930,0,104930,144.749572,40259,469854,13430,456424,24472,431952,0,431952,256382,175570,0,175570,5.095889,607126,2132,148,1984,1918,66,0,66,24,42,0,42,104.475609,93585,486256,31219,455037,37887,417150,0,417150,312011,105139,0,105139,5.507079,1722149,1306,866,440,438,2,0,2,1,1,0,1,5.235798,716011,134,133,1,0,1,0,1,0,1,0,1,178.629051,10345,42184,22993,19191,6,19185,0,19185,0,19185,0,19185,0,0,0,0,0,0,0,0,0,0,0,0,0,38.323094,7681269,2026327,129634,1896693,170774,1725811,6,1725805,1214421,511354,1,511353,14469197,6180614,0,12577811,85986682,0,11399192,1965,0,140102316,11.586165188223463,3090831,521000,3202960,6.878928577326412,1.1595334034073879,8.0384619807338,11.320324788175299,1.398403225,1.04260677375,28.548202034250004,12.7107024,8.604873504,1.225392,6.183454671999999,58.315231384,0,0,0,0,0,0,0,0,0,0,0,0,
GZPI,MAA,2M,4,1,31895204.0,22455078,0,0,15691409,2187825,0,0,0,8568961,40334312,1055551,0,0,21399527,5.82042,1945817,2950,2683,267,0,0,0,267,0,0,0,267,6.728541,1528873,4398,136,4262,405,3857,29,3828,0,3828,0,3828,9.475074,2093658,11094,731,10363,5014,5349,779,4570,0,4571,0,4571,0,0,0,0,0,0,0,0,0,0,0,0,0,0,0,0,0,0,0,0,0,0,0,0,0,0,0,0,0,0,0,0,0,0,0,0,0,0,0,0,0,0,0,0,0,0,0,0,0,0,0,0,0,0,0,0,0,0,0,0,0,0,0,0,0,104.102941,0,68,0,68,7,61,0,61,57,4,0,4,5.201754,691892,33,31,2,0,2,0,2,0,2,0,2,165.630955,9919,42273,23094,19179,7,19172,0,19172,0,19172,0,19172,0,0,0,0,0,0,0,0,0,0,0,0,0,8.115683,6249231,62002,27255,34747,5058,28522,669,28094,66,27766,1,28006,14468878,6180066,0,12577687,54117318,0,5079669,6579,0,101916672,4.974096123122492,5503592,366218,942058,32.85917213144551,2.186502978351904,35.045675109797415,83.95079227436663,23.81812575,0.3069366,10.751820882,3.74058648,15.322000128,0.861344736,10.049114719999999,41.031803546,0,0,0,0,0,0,0,0,0,0,0,0,
GZPI,BASE,4M,8,0,85503909.0,0,0,0,0,0,0,0,0,0,0,0,0,0,0,0,0,0,0,0,0,0,0,0,0,0,0,0,7.365291,1701975,20840,5484,15356,7952,7404,4,7400,24,7376,0,7376,9.76589,2149540,28655,5212,23443,16057,6556,3,6553,894,5659,0,5659,98.896864,99622,489123,29503,459620,40838,418782,0,418782,323201,95581,0,95581,115.115004,90061,479336,20813,458523,39775,418748,0,418748,316212,102536,0,102536,145.884971,37603,445563,11802,433761,22882,410879,0,410879,246612,164267,0,164267,5.081329,576644,1955,122,1833,1803,30,0,30,4,26,0,26,107.190519,87227,462197,29855,432342,35599,396743,0,396743,293935,102808,0,102808,5.508914,1645208,1468,1013,455,451,4,0,4,3,1,0,1,5.215407,687168,8,7,1,0,1,0,1,0,1,0,1,142.513519,9985,40542,22137,18405,7,18398,0,18398,0,18398,0,18398,0,0,0,0,0,0,0,0,0,0,0,0,0,39.351212,7314429,1925894,123494,1802400,161669,1640572,4,1640568,1152188,488352,1,488351,28569171,12181182,0,24777451,172815315,0,22741139,3483,0,279772876,23.61439272438082,6233813,1008480,6891517,13.88364700589237,2.2460379117086666,16.129684917601036,4.843438397203755,1.273988275,2.241605115,56.84382006900001,27.33605292,17.354935392,2.37194496,12.398805616,118.54716407200002,0,0,0,0,0,0,0,0,0,0,0,0,
GZPI,MAA,4M,8,1,33134134.0,22946546,0,0,20335373,4194185,0,0,0,9618313,47476104,977787,0,0,21968759,5.63941,1810006,2270,2036,234,0,0,0,234,0,0,0,234,6.85686,1443582,4617,173,4444,458,3986,44,3942,0,3942,0,3942,9.531645,1979729,10867,593,10274,4848,5426,746,4680,0,4680,0,4680,0,0,0,0,0,0,0,0,0,0,0,0,0,0,0,0,0,0,0,0,0,0,0,0,0,0,0,0,0,0,0,0,0,0,0,0,0,0,0,0,0,0,0,0,0,0,0,0,0,0,0,0,0,0,0,0,0,0,0,0,0,0,0,0,0,116.21875,0,64,0,64,6,58,0,58,54,4,0,4,5.186501,663503,6,5,1,0,1,0,1,0,1,0,1,220.458986,9601,40510,22109,18401,7,18394,0,18394,0,18394,0,18394,0,0,0,0,0,0,0,0,0,0,0,0,0,8.490203,5749721,59755,25791,33964,5336,27638,835,27008,70,26712,1,26916,28568704,12180114,0,24777299,108076089,0,10131867,12639,0,202431162,9.916532117782616,10937299,707141,2402071,62.85939676745825,4.064116441320403,66.92351320877866,79.37151979829,23.069493774999998,0.78418369875,22.14166292625,9.54928356,30.449440416,1.663195632,19.935281279999995,84.523047513,0,0,0,0,0,0,0,0,0,0,0,0,
GZPI,MAA,4M,8,2,32708120.0,38352251,0,0,34981422,4206913,0,0,0,9516313,77540586,4427113,0,0,15032212,5.781384,1809746,2507,2263,244,0,0,0,244,0,0,0,244,7.025657,1443701,4623,177,4446,460,3986,42,3944,0,3944,0,3944,9.950816,1979424,11136,773,10363,4765,5598,891,4707,0,4707,0,4707,0,0,0,0,0,0,0,0,0,0,0,0,0,0,0,0,0,0,0,0,0,0,0,0,0,0,0,0,0,0,0,0,0,0,0,0,0,0,0,0,0,0,0,0,0,0,0,0,0,0,0,0,0,0,0,0,0,0,0,0,0,0,0,0,0,148.875,0,64,0,64,5,59,0,59,56,3,0,3,5.186586,663560,6,5,1,0,1,0,1,0,1,0,1,220.874156,9593,40547,22143,18404,7,18397,0,18397,0,18397,0,18397,0,0,0,0,0,0,0,0,0,0,0,0,0,8.433308,6048708,60176,26138,34038,5389,27634,815,27050,71,26727,1,26957,28568704,12180114,0,24777299,107577695,0,10086559,12639,0,201887460,9.966691411796337,10937283,707159,2518969,63.678030154079664,4.117155250141084,67.79518540422075,78.36762809244101,23.62710665,0.82217579625,21.79223387475,10.01274204,30.449395872,1.6632379679999998,19.935284704,84.675070255,0,0,0,0,0,0,0,0,0,0,0,0,
GZZI,BASE,2M,4,0,56387247.0,0,0,0,0,0,0,0,0,0,0,0,0,0,0,0,0,0,0,0,0,0,0,0,0,0,0,0,15.407878,817049,28236,7524,20712,9429,10573,3,10570,731,9839,0,9839,115.7736,37397,479808,20129,459679,33259,426420,0,426420,316060,110360,0,110360,77.518979,204740,820057,362518,457539,51464,406075,0,406075,348785,57290,0,57290,5.123062,1295896,298,187,111,110,1,0,1,0,1,0,1,86.976196,66173,448497,17819,430678,45323,385355,0,385355,326016,59339,0,59339,5.8829,1425071,433,280,153,152,1,0,1,0,1,0,1,5.060672,723388,391,163,228,227,1,0,1,0,1,0,1,0,0,0,0,0,0,0,0,0,0,0,0,0,0,0,0,0,0,0,0,0,0,0,0,0,0,0,0,0,0,0,0,0,0,0,0,0,0,0,0,0,0,0,0,0,0,0,0,0,0,0,0,36.377293,4810667,1740489,401222,1339267,137835,1201101,5,1201096,968977,232092,1,232091,6920321,1901127,0,2436981,74069232,0,12657086,1922,0,128932000,12.630037969742538,1504424,256536,1583483,5.080718493231109,0.8663695868847718,5.947088080115881,10.078423132836633,0.8970381915,0.51469424625,19.04567344575,6.27837588,4.188316415999999,0.603372672,3.01476352,33.64519618,0,0,0,0,0,0,0,0,0,0,0,0,
GZZI,MAA,2M,4,1,24898216.0,22310749,0,1537741,13747096,4366922,0,0,0,299589,41962508,1177066,0,0,22671424,5.665424,1526166,934,786,148,0,0,0,148,0,0,0,148,14.084704,919679,14348,921,13427,7610,5817,577,5240,0,5240,0,5240,0,0,0,0,0,0,0,0,0,0,0,0,0,0,0,0,0,0,0,0,0,0,0,0,0,0,0,0,0,0,0,0,0,0,0,0,0,0,0,0,0,0,0,0,0,0,0,0,0,0,0,0,70.303922,34,68,0,68,1,67,0,67,64,3,1,2,16.808555,475589,16617,1257,15360,5419,9941,770,9171,0,9171,0,9171,26.816399,489257,45915,32525,13390,7481,5909,687,5222,74,5148,0,5148,0,0,0,0,0,0,0,0,0,0,0,0,0,0,0,0,0,0,0,0,0,0,0,0,0,0,0,0,0,0,0,0,0,0,0,0,0,0,0,15.639491,3412031,72588,32042,40546,19353,21058,1923,19271,166,18961,1,19096,7602061,1900571,0,13,36927788,0,4663756,10197,0,79612371,7.704613638950959,5292146,238176,640322,40.47616320721794,1.8216524351448995,42.297815642362835,88.42161450996886,31.0268755,0.208145274375,8.435515486125,2.53893672,14.733334463999999,0.560189952,9.467911264,35.9440331605,0,0,0,0,0,0,0,0,0,0,0,0,
GZZI,BASE,4M,8,0,56962449.0,0,0,0,0,0,0,0,0,0,0,0,0,0,0,0,0,0,0,0,0,0,0,0,0,0,0,0,15.764412,775658,27886,7544,20342,8927,10553,4,10549,895,9654,0,9654,115.491563,35670,456123,18997,437126,31798,405328,0,405328,301962,103366,0,103366,77.277194,194720,778391,343232,435159,49197,385962,0,385962,331795,54167,0,54167,5.123176,1230203,256,163,93,92,1,0,1,0,1,0,1,89.995361,62043,426344,16668,409676,43199,366477,0,366477,310301,56176,0,56176,5.884081,1366941,423,269,154,153,1,0,1,0,1,0,1,5.058314,693990,349,145,204,202,2,0,2,1,1,0,1,0,0,0,0,0,0,0,0,0,0,0,0,0,0,0,0,0,0,0,0,0,0,0,0,0,0,0,0,0,0,0,0,0,0,0,0,0,0,0,0,0,0,0,0,0,0,0,0,0,0,0,0,37.070875,4600289,1653283,379811,1273472,130750,1142237,7,1142230,915235,226967,2,226965,13821056,3801358,0,4840165,140007958,0,24287614,3402,0,248605657,24.800930556659353,3063657,490893,3415459,10.242058729691891,1.6410958981356731,11.883154627827563,3.9130410319168334,0.8887565435,1.110127700625,38.385314923875,13.54177764,8.529221088,1.154580336,6.0853896,68.8064112885,0,0,0,0,0,0,0,0,0,0,0,0,
GZZI,MAA,4M,8,1,25167052.0,22600921,0,1812680,18646896,8368409,0,0,0,249515,51428906,1258515,0,0,23155086,5.647446,1421331,928,776,152,0,0,0,152,0,0,0,152,14.182691,855287,13448,770,12678,6972,5706,577,5129,0,5129,0,5129,0,0,0,0,0,0,0,0,0,0,0,0,0,0,0,0,0,0,0,0,0,0,0,0,0,0,0,0,0,0,0,0,0,0,0,0,0,0,0,0,0,0,0,0,0,0,0,0,0,0,0,0,64.625,32,64,0,64,1,63,0,63,60,3,0,3,17.516029,442054,16348,1155,15193,5044,10149,712,9437,0,9437,0,9437,27.674371,454540,43805,30880,12925,7040,5885,605,5280,91,5190,0,5190,0,0,0,0,0,0,0,0,0,0,0,0,0,0,0,0,0,0,0,0,0,0,0,0,0,0,0,0,0,0,0,0,0,0,0,0,0,0,0,15.074528,3302404,69955,30626,39329,18750,20427,1725,18855,145,18547,1,18699,15200797,3800296,0,29,76058213,0,9526983,19765,0,161609602,14.811413430060858,10527767,462268,1451270,79.65988448600865,3.497818244037719,83.15770273004637,86.79467353834633,30.0001421,0.471768080625,16.984529611875,5.7545196,29.309303327999995,1.087254336,18.814939919999997,72.4223148765,0,0,0,0,0,0,0,0,0,0,0,0,
GZZI,MAA,4M,8,2,24762359.0,36030839,0,3878095,28160008,8379190,0,0,0,318111,76448132,3814994,0,0,16385737,5.674532,1421404,858,712,146,0,0,0,146,0,0,0,146,14.643122,855163,13577,799,12778,7061,5717,554,5163,0,5163,0,5163,0,0,0,0,0,0,0,0,0,0,0,0,0,0,0,0,0,0,0,0,0,0,0,0,0,0,0,0,0,0,0,0,0,0,0,0,0,0,0,0,0,0,0,0,0,0,0,0,0,0,0,0,72.322917,32,64,0,64,2,62,1,61,58,3,0,3,18.297972,441962,16434,1177,15257,5044,10213,728,9485,0,9485,0,9485,29.151483,454308,44080,31169,12911,7006,5905,624,5281,84,5198,0,5198,0,0,0,0,0,0,0,0,0,0,0,0,0,0,0,0,0,0,0,0,0,0,0,0,0,0,0,0,0,0,0,0,0,0,0,0,0,0,0,15.615202,3302366,70353,31035,39318,18574,20611,1800,18945,150,18654,1,18787,15200773,3800290,0,29,76707090,0,9585969,19763,0,162317341,15.630577977319689,10527745,459178,1596833,80.96160077682762,3.5312202111185402,84.49282098794616,85.46605814931078,30.834294800000002,0.5191959225,16.637320147500002,6.33250908,29.309242079999997,1.079986656,18.809612176,72.68786606200001,0,0,0,0,0,0,0,0,0,0,0,0,
