kernel,mode/TS,size,cycles,INDRD,INDWR,INDRMW,STRRD,RANGE,ALUS,ALUV,INV,IDLE,Total,IND_Fill,IND_Drain,IND_Build,IND_Request,Avg-SPD-Latency,L1-SPD-Hits,L1-SPD-Misses,M1-SPD-Hits,M1-SPD-Misses,L2-SPD-Hits,L2-SPD-Misses,M2-SPD-Hits,M2-SPD-Misses,L3-SPD-Hits,L3-SPD-Misses,M3-SPD-Hits,M3-SPD-Misses,Avg-6-Latency,L1-6-Hits,L1-6-Misses,M1-6-Hits,M1-6-Misses,L2-6-Hits,L2-6-Misses,M2-6-Hits,M2-6-Misses,L3-6-Hits,L3-6-Misses,M3-6-Hits,M3-6-Misses,Avg-7-Latency,L1-7-Hits,L1-7-Misses,M1-7-Hits,M1-7-Misses,L2-7-Hits,L2-7-Misses,M2-7-Hits,M2-7-Misses,L3-7-Hits,L3-7-Misses,M3-7-Hits,M3-7-Misses,Avg-8-Latency,L1-8-Hits,L1-8-Misses,M1-8-Hits,M1-8-Misses,L2-8-Hits,L2-8-Misses,M2-8-Hits,M2-8-Misses,L3-8-Hits,L3-8-Misses,M3-8-Hits,M3-8-Misses,Avg-9-Latency,L1-9-Hits,L1-9-Misses,M1-9-Hits,M1-9-Misses,L2-9-Hits,L2-9-Misses,M2-9-Hits,M2-9-Misses,L3-9-Hits,L3-9-Misses,M3-9-Hits,M3-9-Misses,Avg-10-Latency,L1-10-Hits,L1-10-Misses,M1-10-Hits,M1-10-Misses,L2-10-Hits,L2-10-Misses,M2-10-Hits,M2-10-Misses,L3-10-Hits,L3-10-Misses,M3-10-Hits,M3-10-Misses,Avg-11-Latency,L1-11-Hits,L1-11-Misses,M1-11-Hits,M1-11-Misses,L2-11-Hits,L2-11-Misses,M2-11-Hits,M2-11-Misses,L3-11-Hits,L3-11-Misses,M3-11-Hits,M3-11-Misses,Avg-12-Latency,L1-12-Hits,L1-12-Misses,M1-12-Hits,M1-12-Misses,L2-12-Hits,L2-12-Misses,M2-12-Hits,M2-12-Misses,L3-12-Hits,L3-12-Misses,M3-12-Hits,M3-12-Misses,Avg-13-Latency,L1-13-Hits,L1-13-Misses,M1-13-Hits,M1-13-Misses,L2-13-Hits,L2-13-Misses,M2-13-Hits,M2-13-Misses,L3-13-Hits,L3-13-Misses,M3-13-Hits,M3-13-Misses,Avg-14-Latency,L1-14-Hits,L1-14-Misses,M1-14-Hits,M1-14-Misses,L2-14-Hits,L2-14-Misses,M2-14-Hits,M2-14-Misses,L3-14-Hits,L3-14-Misses,M3-14-Hits,M3-14-Misses,Avg-15-Latency,L1-15-Hits,L1-15-Misses,M1-15-Hits,M1-15-Misses,L2-15-Hits,L2-15-Misses,M2-15-Hits,M2-15-Misses,L3-15-Hits,L3-15-Misses,M3-15-Hits,M3-15-Misses,Avg-16-Latency,L1-16-Hits,L1-16-Misses,M1-16-Hits,M1-16-Misses,L2-16-Hits,L2-16-Misses,M2-16-Hits,M2-16-Misses,L3-16-Hits,L3-16-Misses,M3-16-Hits,M3-16-Misses,Avg-T-Latency,L1-T-Hits,L1-T-Misses,M1-T-Hits,M1-T-Misses,L2-T-Hits,L2-T-Misses,M2-T-Hits,M2-T-Misses,L3-T-Hits,L3-T-Misses,M3-T-Hits,M3-T-Misses,LDFP,STFP,VFP,SFP,SINT,VINT,LDINT,STINT,VEC,Total,LSQ-LD-OCC,DRAM-RD,DRAM-WR,DRAM-ACT,DRAM-RD-BW,DRAM-WR-BW,DRAM-total-BW,DRAM-RB-hitrate,DRAM-CTRL-occ,DRAM-PRE-STB-energy,DRAM-ACT-STB-energy,DRAM-ACTPRE-energy,DRAM-RD-energy,DRAM-WR-energy,DRAM-DQ-energy,DRAM-Total-energy,CORE-ST-Power,CORE-DY-Power,CORE-Power,LLC-ST-Power,LLC-DY-Power,LLC-Power,CORE-ST-Energy,CORE-DY-Energy,CORE-Energy,LLC-ST-Energy,LLC-DY-Energy,LLC-Energy,
BFS,BASE,22,1989023612.0,0,0,0,0,0,0,0,0,0,0,0,0,0,0,0,0,0,0,0,0,0,0,0,0,0,0,0,5.074074,1543851,70600,1,70599,64341,6257,3081,3176,254,2864,0,2864,187.822663,1110776,2111637,997635,1114002,387,1113615,0,1113615,18618,1094997,0,1094997,75.980109,27359797,9196348,7845936,1350412,177,1350235,2,1350233,5860,1344373,0,1344373,189.543562,3485574,33653612,460238,33193374,329102,32864261,0,32864261,13565949,19254560,876,19253684,0,0,0,0,0,0,0,0,0,0,0,0,0,0,0,0,0,0,0,0,0,0,0,0,0,0,0,0,0,0,0,0,0,0,0,0,0,0,0,0,0,0,0,0,0,0,0,0,0,0,0,0,0,0,0,0,0,0,0,0,0,0,0,0,0,0,0,0,0,0,0,0,0,0,0,0,0,0,0,0,0,0,0,0,0,0,0,0,0,0,0,49.482353,183230994,43809298,9505135,34304163,446861,33856499,3398,33853101,12988245,20820928,878,20820050,2098740,2099323,0,610,2263154100,0,857517888,12592859,0,3138043299,21.385293354358474,125147193,3686318,96781402,11.981658597456425,0.35293003941093887,12.334588636867364,24.878704889134013,3.2453399899999997,31.4554001925,653.9112269325,383.71258392,348.409785312,8.670219936,220.56297083199996,1646.722187125,0,0,0,0,0,0,0,0,0,0,0,0,
BFS,MAA/1K,22,1186750465.0,1069914048,69236785,0,11283936,12814184,848356336,0,0,47280684,2011605289,14469701,0,0,1124681132,6.638466,36391041,1001087,679753,321334,0,0,0,321334,0,0,0,321334,5.387864,460171,65476,5,65471,54468,11001,7547,3454,349,2764,1,2763,39.098582,34618,4200,1987,2213,3,2210,0,2210,9,2201,0,2201,48.689883,61389,7956,5616,2340,2,2338,0,2338,7,2331,0,2331,169.261511,39131,63415,1112,62303,416,61887,0,61887,14103,46817,1,46816,0,0,0,0,0,0,0,0,0,0,0,0,0,0,0,0,0,0,0,0,0,0,0,0,0,0,0,0,0,0,0,0,0,0,0,0,0,0,0,0,0,0,0,0,0,0,0,0,0,0,0,0,0,0,0,0,0,0,0,0,0,0,0,0,0,0,0,0,0,0,0,0,0,0,0,0,0,0,0,0,0,0,0,0,0,0,0,0,0,0,0,6.273687,212611009,3066429,2460816,605613,122301,262240,7681,572841,15007,53730,20,371992,2098726,2099319,0,603,10252587662,0,848198601,8038195,0,11113934109,4.4950471424796525,121848966,3682466,102805817,19.552315839289534,0.5909015124465248,20.14321735173606,18.103525657223443,23.7281828,33.540548540625,370.259809738875,408.53835852,339.227521344,8.661160032,214.90981158399998,1375.1372097595,0,0,0,0,0,0,0,0,0,0,0,0,
BFS,MAA/2K,22,969368441.0,882979054,62994109,0,7829686,11652820,700547346,0,0,23099668,1666003015,14644915,0,0,931328248,6.222733,36932145,750842,438573,312269,0,0,0,312269,0,0,0,312269,5.44285,463788,66005,7,65998,54453,11524,7987,3537,456,2661,2,2659,38.057274,34035,4092,1944,2148,2,2146,0,2146,12,2134,0,2134,48.736041,59138,7919,5604,2315,2,2313,0,2313,6,2307,0,2307,171.074701,38138,61456,959,60497,427,60070,0,60070,13715,45396,0,45396,0,0,0,0,0,0,0,0,0,0,0,0,0,0,0,0,0,0,0,0,0,0,0,0,0,0,0,0,0,0,0,0,0,0,0,0,0,0,0,0,0,0,0,0,0,0,0,0,0,0,0,0,0,0,0,0,0,0,0,0,0,0,0,0,0,0,0,0,0,0,0,0,0,0,0,0,0,0,0,0,0,0,0,0,0,0,0,0,0,0,0,6.512975,170693245,2127064,1560183,566881,126111,164164,7869,467835,15337,55022,15,366547,2098726,2099319,0,603,8140968851,0,668956259,6333203,0,8821236741,4.508671993098623,121729679,3680820,89608021,23.91351224821554,0.7230885259582153,24.636600774173754,28.54823024027678,26.033082,29.23214107875,299.96588488125,356.07256236,338.895426336,8.65728864,214.702774288,1247.526077584,0,0,0,0,0,0,0,0,0,0,0,0,
BFS,MAA/4K,22,778535147.0,698842609,55892674,0,6864172,10850923,542589431,0,0,23709765,1315039809,14331965,0,0,740403318,6.029337,37052237,635055,335142,299913,0,0,0,299913,0,0,0,299913,5.343128,462783,65833,11,65822,54139,11677,8284,3393,344,2774,6,2768,39.340678,34506,4257,2007,2250,2,2248,0,2248,11,2237,0,2237,49.668961,62046,8384,5999,2385,3,2382,0,2382,9,2373,0,2373,170.545123,38860,64606,1191,63415,441,62974,0,62974,14472,47485,2,47483,0,0,0,0,0,0,0,0,0,0,0,0,0,0,0,0,0,0,0,0,0,0,0,0,0,0,0,0,0,0,0,0,0,0,0,0,0,0,0,0,0,0,0,0,0,0,0,0,0,0,0,0,0,0,0,0,0,0,0,0,0,0,0,0,0,0,0,0,0,0,0,0,0,0,0,0,0,0,0,0,0,0,0,0,0,0,0,0,0,0,0,6.26279,150843680,1878919,1322188,556731,133847,137305,8424,431848,14759,53705,28,356644,2098732,2099325,0,603,7142995346,0,584081463,5429732,0,7737400435,4.715424188092628,121200907,3673449,73774932,29.645816244289716,0.8985278801318691,30.544344124421585,40.92067069398941,27.023201,24.067635331875,240.11859890362504,293.16157152,337.42332508799996,8.639952048,213.78489747199998,1117.1959803635,0,0,0,0,0,0,0,0,0,0,0,0,
BFS,MAA/8K,22,738756542.0,666415420,49632496,0,6009816,10317712,520332261,0,0,22671600,1252707705,13644840,0,0,702403076,5.990359,36978902,618506,318556,299950,0,0,0,299950,0,0,0,299950,5.814797,457871,65135,6,65129,53042,12070,8720,3350,330,2740,1,2739,38.138708,35599,4289,2035,2254,1,2253,0,2253,7,2246,0,2246,48.769117,62507,8528,6084,2444,1,2443,0,2443,10,2433,0,2433,170.642627,39811,65219,1125,64094,425,63669,0,63669,14471,48265,0,48265,0,0,0,0,0,0,0,0,0,0,0,0,0,0,0,0,0,0,0,0,0,0,0,0,0,0,0,0,0,0,0,0,0,0,0,0,0,0,0,0,0,0,0,0,0,0,0,0,0,0,0,0,0,0,0,0,0,0,0,0,0,0,0,0,0,0,0,0,0,0,0,0,0,0,0,0,0,0,0,0,0,0,0,0,0,0,0,0,0,0,0,6.332662,136021358,1485010,903779,581231,180071,106776,8793,400380,14892,53600,29,355968,2098728,2099323,0,603,6615536542,0,539239719,4955815,0,7164576738,4.640383154070146,121147078,3666518,70840122,31.228230096670146,0.9451228180475211,32.17335291471767,43.243264940463696,27.5489664,23.102366045625,227.49377659087503,281.44139112,337.273465152,8.623650336,213.68087635199996,1091.6155255965,0,0,0,0,0,0,0,0,0,0,0,0,
BFS,MAA/16K,22,696428870.0,626941696,46031823,0,8228016,9931267,488948295,0,0,23432747,1180081097,11531482,0,0,661442037,5.909606,37119592,561572,274211,287361,0,0,0,287361,0,0,0,287361,5.383149,464879,66137,6,66131,53483,12648,9190,3458,368,2719,3,2716,37.249205,33929,4038,1915,2123,3,2120,0,2120,10,2110,0,2110,46.649339,59367,7579,5289,2290,3,2287,0,2287,7,2280,0,2280,170.057234,38127,61244,1018,60226,386,59839,0,59839,13605,45304,0,45304,0,0,0,0,0,0,0,0,0,0,0,0,0,0,0,0,0,0,0,0,0,0,0,0,0,0,0,0,0,0,0,0,0,0,0,0,0,0,0,0,0,0,0,0,0,0,0,0,0,0,0,0,0,0,0,0,0,0,0,0,0,0,0,0,0,0,0,0,0,0,0,0,0,0,0,0,0,0,0,0,0,0,0,0,0,0,0,0,0,0,0,6.249322,130323663,1216309,681853,534456,150466,92619,9112,378902,14896,53347,19,348723,2098730,2099321,0,603,6167128795,0,501449197,4718941,0,6678103620,4.518527697244219,121408343,3669791,67666503,33.19766455182324,1.003460615497404,34.20112516732064,45.90061361164854,28.0867195,22.06816090875,214.06947468825004,268.83862308,338.000826912,8.631348432,214.133765408,1065.742199429,0,0,0,0,0,0,0,0,0,0,0,0,
BFS,MAA/32K,22,674591256.0,607305182,43864647,0,16261958,10206045,472197050,0,0,23411935,1149834882,9227713,0,0,641942116,5.850327,36788051,539619,268915,270704,0,0,0,270704,0,0,0,270704,5.338447,459042,65314,6,65308,53092,12197,8848,3349,336,2731,4,2727,38.736462,34274,4191,1962,2229,2,2227,0,2227,15,2212,0,2212,47.197453,61472,8323,5942,2381,4,2377,0,2377,5,2372,0,2372,171.665183,38362,64161,1101,63060,428,62632,0,62632,14311,47341,1,47340,0,0,0,0,0,0,0,0,0,0,0,0,0,0,0,0,0,0,0,0,0,0,0,0,0,0,0,0,0,0,0,0,0,0,0,0,0,0,0,0,0,0,0,0,0,0,0,0,0,0,0,0,0,0,0,0,0,0,0,0,0,0,0,0,0,0,0,0,0,0,0,0,0,0,0,0,0,0,0,0,0,0,0,0,0,0,0,0,0,0,0,7.366377,93265788,1073912,560842,513070,135056,81984,8744,370987,14509,52331,26,350052,2098720,2099313,0,603,4385872640,0,352779002,4599548,0,4748047380,3.875180808974485,122187160,3682008,65938092,34.492178863990624,1.0393929977146894,35.53157186170532,47.61378576840994,28.2773771,21.501313974375,207.18845831212502,261.94828992,340.1690534399999,8.660082816,215.488015616,1054.9552140785,0,0,0,0,0,0,0,0,0,0,0,0,
PR,BASE,22,801338996.0,0,0,0,0,0,0,0,0,0,0,0,0,0,0,0,0,0,0,0,0,0,0,0,0,0,0,0,6.228798,2093507,6040,261,5779,5690,89,0,89,24,65,0,65,209.432331,74028,35611365,10392,35600973,454051,35146922,0,35146922,19737497,15408857,2239,15406618,0,1041984,6592,0,6592,5508,1078,0,1078,13,1064,0,1064,10.098502,34928828,1839,1649,190,88,102,0,102,0,102,0,102,8.777776,2094259,3273,26,3247,3163,77,0,77,11,66,0,66,0,0,0,0,0,0,0,0,0,0,0,0,0,0,0,0,0,0,0,0,0,0,0,0,0,0,0,0,0,0,0,0,0,0,0,0,0,0,0,0,0,0,0,0,0,0,0,0,0,0,0,0,0,0,0,0,0,0,0,0,0,0,0,0,0,0,0,0,0,0,0,0,0,0,0,0,0,0,97.546301,47401495,35926860,322311,35604549,477103,35127391,0,35127391,19732850,15393897,2290,15391607,138412627,12583615,0,8390491,1064388087,0,168071017,2142,0,1609952376,37.307988177828356,72077864,896715,69661291,17.12858144990013,0.21309532583883442,17.341676775738964,4.540331777727687,6.704512355,22.65069688875,250.00965781725003,276.26058516,200.664773376,2.10907368,124.932479248,876.6272661700001,0,0,0,0,0,0,0,0,0,0,0,0,
PR,MAA/1K,22,1102897862.0,1066834316,0,28913467,644071646,8665531,0,0,0,7084171,1748484960,18487645,0,0,1077260138,0,0,0,0,0,0,0,0,0,0,0,0,0,32.448562,0,2051,1,2050,1828,222,0,222,205,17,3,14,0,0,0,0,0,0,0,0,0,0,0,0,0,0,1039456,10144,115,10029,9,2092,1,2091,997,1090,3,1087,0,0,0,0,0,0,0,0,0,0,0,0,0,6.204108,2074726,35596,13884,21712,3,1059,0,1059,8,78,2,76,5.287954,1053268,7484,6455,1029,0,1029,0,1029,970,59,2,57,0,0,0,0,0,0,0,0,0,0,0,0,0,0,0,0,0,0,0,0,0,0,0,0,0,0,0,0,0,0,0,0,0,0,0,0,0,0,0,0,0,0,0,0,0,0,0,0,0,0,0,0,0,0,0,0,0,0,0,0,0,0,0,0,0,42.011153,10198340,179442,137407,42035,5873,8534,12,8522,4123,2364,19,2345,8405133,12591297,0,16805977,92190529,0,20067959,1967608,0,223348459,1.084585858409322,138311174,1306100,103079457,23.881287599750312,0.2255157615395115,24.106803361289824,26.16998309249327,27.214135149999997,33.6317125125,340.7836534875,409.63974492,385.058308416,3.0719472,239.024773088,1411.210139624,0,0,0,0,0,0,0,0,0,0,0,0,
PR,MAA/2K,22,887814793.0,857242168,0,23399591,555827934,8533832,0,0,0,7087694,1445003525,20164828,0,0,860476931,0,0,0,0,0,0,0,0,0,0,0,0,0,42.076098,0,1025,1,1024,742,282,0,282,277,5,2,3,0,0,0,0,0,0,0,0,0,0,0,0,0,0,1042874,5702,244,5458,1,1547,1,1546,499,1046,0,1046,0,0,0,0,0,0,0,0,0,0,0,0,0,6.109071,2088136,17620,6920,10700,2,527,0,527,1,44,1,43,5.178525,1053460,3732,3215,517,0,517,0,517,478,39,1,38,0,0,0,0,0,0,0,0,0,0,0,0,0,0,0,0,0,0,0,0,0,0,0,0,0,0,0,0,0,0,0,0,0,0,0,0,0,0,0,0,0,0,0,0,0,0,0,0,0,0,0,0,0,0,0,0,0,0,0,0,0,0,0,0,0,38.794305,9849025,166402,137508,28894,9790,5697,6,5691,2404,2264,12,2252,8396941,12587201,0,16791641,91361848,0,18725068,984317,0,220158780,1.1851339915201717,138184329,1239538,85171112,29.6395893850654,0.26587238663788854,29.905461771703287,38.912100322106255,28.4926033,27.78987511125,273.35975456475,338.47988352,384.705171936,2.9153933759999995,238.69366030399996,1265.943738812,0,0,0,0,0,0,0,0,0,0,0,0,
PR,MAA/4K,22,703974417.0,677295774,0,19107171,559999333,8470192,0,0,0,7114189,1264872470,23296170,0,0,673106775,0,0,0,0,0,0,0,0,0,0,0,0,0,83.460039,0,513,1,512,138,374,0,374,360,14,2,12,0,0,0,0,0,0,0,0,0,0,0,0,0,0,1045271,3305,286,3019,5,1271,2,1269,227,1041,0,1041,0,0,0,0,0,0,0,0,0,0,0,0,0,6.088727,2096354,8142,3292,4850,2,269,0,269,3,52,0,52,5.111922,1053951,1980,1720,260,0,260,0,260,218,42,0,42,0,0,0,0,0,0,0,0,0,0,0,0,0,0,0,0,0,0,0,0,0,0,0,0,0,0,0,0,0,0,0,0,0,0,0,0,0,0,0,0,0,0,0,0,0,0,0,0,0,0,0,0,0,0,0,0,0,0,0,0,0,0,0,0,0,32.857811,9553351,146114,130792,15322,4300,4504,15,4489,1773,2199,10,2189,8392845,12585153,0,16784473,90702931,0,18031439,492713,0,218297222,1.2333461394554115,137908105,1203839,68711493,37.305140552775775,0.32564716263712734,37.6307877154129,50.60704995970727,29.1613674,22.409633715,216.25096019700004,272.99531148,383.93616432,2.831429328,238.159648128,1136.583147168,0,0,0,0,0,0,0,0,0,0,0,0,
PR,MAA/8K,22,687432041.0,665455767,0,14496740,500114080,8432444,0,0,0,7274281,1188499031,14128482,0,0,665824025,0,0,0,0,0,0,0,0,0,0,0,0,0,113,0,257,1,256,35,221,0,221,202,19,3,16,0,0,0,0,0,0,0,0,0,0,0,0,0,0,1046359,2217,265,1952,2,1132,1,1131,108,1022,0,1022,0,0,0,0,0,0,0,0,0,0,0,0,0,6.049366,2099815,4024,1707,2317,1,137,0,137,1,33,0,33,5.077949,1054251,1017,887,130,0,130,0,130,104,26,0,26,0,0,0,0,0,0,0,0,0,0,0,0,0,0,0,0,0,0,0,0,0,0,0,0,0,0,0,0,0,0,0,0,0,0,0,0,0,0,0,0,0,0,0,0,0,0,0,0,0,0,0,0,0,0,0,0,0,0,0,0,0,0,0,0,0,31.871649,9645982,140022,132043,7979,1693,3783,9,3774,1218,2301,12,2289,8390797,12584129,0,16780889,92669390,0,17893570,247093,0,219871488,1.218631179880053,137438634,1188435,68155741,38.072800762349765,0.32921637575358287,38.402017138103346,50.83518573129466,29.4349318,22.2126485625,210.72545292150002,270.67087596,382.629157056,2.79519912,237.329542128,1126.362875748,0,0,0,0,0,0,0,0,0,0,0,0,
PR,MAA/16K,22,645160613.0,625246948,0,11869559,555447106,8411590,0,0,0,7454930,1200975203,13854805,0,0,623261702,0,0,0,0,0,0,0,0,0,0,0,0,0,191.341085,0,129,1,128,0,128,0,128,97,31,5,26,0,0,0,0,0,0,0,0,0,0,0,0,0,0,1046850,1726,286,1440,4,1069,1,1068,43,1025,0,1025,0,0,0,0,0,0,0,0,0,0,0,0,0,6.041249,2101677,1877,834,1043,0,73,0,73,2,25,0,25,5.073815,1054449,531,464,67,0,67,0,67,42,25,0,25,0,0,0,0,0,0,0,0,0,0,0,0,0,0,0,0,0,0,0,0,0,0,0,0,0,0,0,0,0,0,0,0,0,0,0,0,0,0,0,0,0,0,0,0,0,0,0,0,0,0,0,0,0,0,0,0,0,0,0,0,0,0,0,0,0,30.988531,9716514,138306,133089,5217,582,3209,4,3205,791,2268,12,2256,8389773,12583617,0,16779097,93118088,0,17775885,124157,0,220075213,1.2567960407533403,137553344,1179964,64439026,40.6012190473701,0.3482865297117823,40.94950557708189,53.55187090327292,29.7830906,20.997984530625,197.56388554687504,255.88569096,382.948509696,2.775275328,237.511423296,1097.6827693575,0,0,0,0,0,0,0,0,0,0,0,0,
PR,MAA/32K,22,638812209.0,620130045,0,10353987,607387903,8405264,0,0,0,7342133,1246277199,13184443,0,0,617299589,0,0,0,0,0,0,0,0,0,0,0,0,0,235.830769,0,65,1,64,0,64,0,64,47,17,0,17,0,0,0,0,0,0,0,0,0,0,0,0,0,0,1047110,1466,241,1225,1,1045,0,1045,27,1012,0,1012,0,0,0,0,0,0,0,0,0,0,0,0,0,6.010885,2102523,925,384,541,0,37,0,37,4,9,0,9,5.023916,1054605,263,229,34,0,34,0,34,25,9,0,9,0,0,0,0,0,0,0,0,0,0,0,0,0,0,0,0,0,0,0,0,0,0,0,0,0,0,0,0,0,0,0,0,0,0,0,0,0,0,0,0,0,0,0,0,0,0,0,0,0,0,0,0,0,0,0,0,0,0,0,0,0,0,0,0,0,29.680851,9713901,117287,113572,3715,72,2900,4,2896,568,2242,9,2233,8389261,12583361,0,16778201,91396948,0,17540233,62731,0,218054819,1.2047506874111638,138491963,1170241,63856045,41.28450946676638,0.3488493093487176,41.633358776115095,54.27822046972709,29.9127302,20.803609299375,195.60335743312504,253.5380886,385.561624992,2.752406832,239.101693248,1097.3607804045,0,0,0,0,0,0,0,0,0,0,0,0,
BC,BASE,20,1409804594.0,0,0,0,0,0,0,0,0,0,0,0,0,0,0,0,0,0,0,0,0,0,0,0,0,0,0,0,6.803096,810369,29554,844,28710,18280,10430,818,9612,8155,1413,45,1368,40.688983,13039895,1980980,1420416,560564,1998,558566,0,558566,104447,454119,3,454116,31.614938,17166033,2937094,2168201,768893,149,768744,0,768744,10632,758112,0,758112,12.246818,14223418,743392,227112,516280,54767,461514,11477,450037,86780,362640,3,362637,54.208379,6683613,6352974,484273,5868701,134705,5734008,2595,5731413,4502008,1122071,60,1122011,84.302941,632617,3668153,170786,3497367,92838,3404403,2912,3401491,2896849,421277,54,421223,57.723953,856765,390355,42447,347908,1875,277053,0,277053,70726,201368,3,201365,56.161987,4479117,8185329,42182,8143147,281670,7861478,4904,7856574,7225598,566050,44,566006,0,0,0,0,0,0,0,0,0,0,0,0,0,0,0,0,0,0,0,0,0,0,0,0,0,0,0,0,0,0,0,0,0,0,0,0,0,0,0,22.779668,144806841,24354728,4627816,19726912,583921,19080040,11438,19068602,14913796,3885498,195,3885303,37104671,5245688,0,61524813,1489350588,0,407259743,30891543,0,2096965847,7.180054501889751,26289378,5709696,23039501,3.551053012748858,0.7712405056780005,4.322293518426859,27.9994758598327,0.7808787825,7.492253833125,483.42434518837507,91.37563836,73.189628352,13.429204992,54.782414687999996,723.6934854135001,0,0,0,0,0,0,0,0,0,0,0,0,
BC,MAA/1K,20,722135182.0,291578819,7019657,74304347,2343843,6985945,95503930,0,0,345471586,477736541,7809536,0,0,365093287,6.750468,54927984,1677885,1018250,659635,0,0,0,659635,0,0,0,659635,10.056821,118928,16476,10,16466,14585,1869,1014,855,116,699,0,699,43.867441,80507,12286,7955,4331,4,4327,0,4327,592,3735,0,3735,29.935046,160074,20736,15391,5345,4,5341,0,5341,59,5282,0,5282,24.421546,13158950,3499473,2984652,514821,65262,449575,12837,436738,187437,223921,1,223920,50.39088,4329454,4185769,552675,3633094,117800,3515294,2349,3512945,3125859,385167,59,385108,48.704543,4360937,3816568,394334,3422234,101838,3270749,4097,3266652,2789684,398299,44,398255,25.132606,5294073,370444,181357,189087,259,173910,0,173910,15929,157205,0,157205,79.101623,145004,78062,556,77506,12718,64788,4811,59977,42049,15385,3,15382,0,0,0,0,0,0,0,0,0,0,0,0,0,0,0,0,0,0,0,0,0,0,0,0,0,0,0,0,0,0,0,0,0,0,0,0,0,0,0,15.606522,118291736,13764366,5262704,8501662,341421,7448940,12411,8093173,6125900,1184372,131,1840885,44383346,19862649,0,53123991,1468846606,0,267331861,12430346,0,1910864756,6.736675288838169,44579631,6416591,37479342,11.755841770133966,1.6920828371070562,13.447924607241022,26.50564977146739,11.33746625,12.214645213125,236.33912565037502,148.84202712,124.109692704,15.091822031999998,87.305532064,623.9028447835,0,0,0,0,0,0,0,0,0,0,0,0,
BC,MAA/2K,20,676414176.0,230351994,6112423,63858947,2679765,7267916,72490464,0,0,373148704,382761509,8277293,0,0,292046071,6.365373,55630351,1505213,882945,622268,0,0,0,622268,0,0,0,622268,5.851371,119376,16444,13,16431,14610,1817,982,835,101,634,6,628,44.194077,81544,12391,8013,4378,6,4372,0,4372,577,3795,0,3795,30.018279,159424,20145,14844,5301,4,5297,0,5297,39,5258,0,5258,24.429187,13130644,3507926,2992703,515223,64869,450365,13373,436992,187920,223707,3,223704,50.052232,4349307,4197473,556366,3641107,116728,3524379,2424,3521955,3130028,390002,66,389936,48.370694,4381404,3845462,403366,3442096,103529,3288653,4086,3284567,2806488,397460,60,397400,25.079911,5300254,372307,183149,189158,245,173977,0,173977,15927,157240,1,157239,78.019439,146245,78637,571,78066,12625,65441,4894,60547,42529,15485,0,15485,0,0,0,0,0,0,0,0,0,0,0,0,0,0,0,0,0,0,0,0,0,0,0,0,0,0,0,0,0,0,0,0,0,0,0,0,0,0,0,15.605599,116571196,13708200,5159771,8548429,336849,7528593,12396,8139029,6201877,1194940,111,1817661,44387166,19858981,0,53133453,1339532188,0,254266277,11166157,0,1767101888,6.890254575958735,44332601,6407228,32751354,12.480910771426384,1.8038201945377563,14.28473096596414,35.452376081125536,11.2616968,10.67402323125,222.40900847475004,130.06754424,123.421961184,15.069800256,86.866587248,588.508924634,0,0,0,0,0,0,0,0,0,0,0,0,
BC,MAA/4K,20,648712625.0,194947689,5231158,53489324,3361408,8096617,59369293,0,0,393007620,324495489,9551547,0,0,244116624,6.805398,55980602,1563660,949369,614291,0,0,0,614291,0,0,0,614291,5.828019,120148,16534,11,16523,14510,2013,1191,822,114,609,0,609,43.253441,83372,12402,7976,4426,6,4420,0,4420,577,3843,0,3843,29.600028,163001,20455,15006,5449,6,5443,0,5443,41,5402,0,5402,24.225922,13161965,3504268,2988811,515457,65587,449875,13049,436826,187324,224040,1,224039,49.981679,4373639,4205488,553896,3651592,118377,3533215,2308,3530907,3142266,386613,46,386567,48.524918,4386681,3821794,395495,3426299,101738,3274641,4160,3270481,2796765,394192,42,394150,25.051782,5310150,375541,186184,189357,235,174037,0,174037,16104,157138,1,157137,78.039341,147090,79671,547,79124,12708,66416,4884,61532,43012,15970,0,15970,0,0,0,0,0,0,0,0,0,0,0,0,0,0,0,0,0,0,0,0,0,0,0,0,0,0,0,0,0,0,0,0,0,0,0,0,0,0,0,15.821744,115405703,13714517,5194873,8519644,335003,7513003,12316,8109771,6198652,1187678,127,1796635,44391294,19858027,0,53140875,1287310729,0,248899041,10536994,0,1708835187,7.15318990137465,43946859,6403744,28469223,12.900640001913244,1.8798248131547222,14.780464815067965,43.45802968834355,10.834795,9.282683165625,214.58571196387504,113.09311188,122.34805545599998,15.061605888,86.20023233599998,560.5714006895,0,0,0,0,0,0,0,0,0,0,0,0,
BC,MAA/8K,20,639797488.0,181452992,4574376,46967730,3679771,9453218,55701868,0,0,405738064,301829955,10275966,0,0,222719132,7.574902,55894411,1555565,954487,601078,0,0,0,601078,0,0,0,601078,5.826098,119181,16441,13,16428,14573,1855,1006,849,112,588,0,588,42.802679,82678,12351,7998,4353,10,4343,0,4343,527,3816,0,3816,30.262904,161515,20552,15154,5398,4,5394,0,5394,42,5352,0,5352,24.354341,13129667,3515272,2999930,515342,65942,449418,13030,436388,187473,223242,3,223239,49.750023,4370807,4205973,555810,3650163,118014,3532149,2411,3529738,3146450,381411,53,381358,48.179378,4409982,3889202,414196,3475006,103268,3322360,4075,3318285,2836164,401726,43,401683,25.142805,5303777,376422,187417,189005,252,174091,0,174091,15666,157597,3,157594,79.092672,146391,79113,565,78548,12703,65845,4829,61016,42593,15974,1,15973,0,0,0,0,0,0,0,0,0,0,0,0,0,0,0,0,0,0,0,0,0,0,0,0,0,0,0,0,0,0,0,0,0,0,0,0,0,0,0,16.083907,115519293,13717806,5205442,8512364,327089,7527093,12402,8109211,6213662,1186342,143,1780719,44391903,19857011,0,53142806,1307070818,0,250025447,10225640,0,1729390866,7.401375224821842,43620672,6356199,23462347,12.983314811612948,1.8918675214875051,14.875182333100453,53.05358952944453,10.6331587,7.654874049375,213.65725315612502,93.23847972,121.439950848,14.949780048,85.560403152,536.5007409735,0,0,0,0,0,0,0,0,0,0,0,0,
BC,MAA/16K,20,630381986.0,177022418,4091385,44418149,3933633,10227928,54634816,0,0,404310334,294328329,9356358,0,0,216175594,8.442748,52333441,1250698,749486,501212,0,0,0,501212,0,0,0,501212,5.820951,119447,16433,14,16419,14639,1780,951,829,112,578,0,578,41.202944,83109,11936,7639,4297,5,4292,0,4292,558,3734,0,3734,29.925705,160846,19936,14626,5310,8,5302,0,5302,55,5247,0,5247,23.31662,12022236,3355490,2839909,515581,66268,449332,12731,436601,188380,222118,3,222115,51.250894,4008919,4102701,532627,3570074,116551,3453523,2308,3451215,3068347,380975,53,380922,49.463011,4150366,3694492,357960,3336532,99959,3186604,4152,3182452,2716194,388365,69,388296,25.65069,5310573,393854,204538,189316,252,173958,0,173958,16196,156990,0,156990,79.376308,146914,79077,604,78473,12630,65843,4790,61053,42305,16306,2,16304,0,0,0,0,0,0,0,0,0,0,0,0,0,0,0,0,0,0,0,0,0,0,0,0,0,0,0,0,0,0,0,0,0,0,0,0,0,0,0,16.541645,107534138,13065836,4808915,8256921,314845,7383451,12347,7865311,6081422,1178060,114,1672153,44393100,19856545,0,53145262,1256146705,0,245494994,10070394,0,1673770562,7.606857504133423,42727555,6258551,19330253,12.90743699238152,1.8906266154500617,14.798063607831581,60.53931496412473,10.64833735,6.3168528,212.16334520100003,76.89260268,118.95351311999998,14.720111952,83.864213472,512.910639225,0,0,0,0,0,0,0,0,0,0,0,0,
BC,MAA/32K,20,629942516.0,173200843,3495496,43165659,7823086,8051885,54345399,0,0,409805100,290082368,6840627,0,0,213021371,7.850671,53260431,1243782,743425,500357,0,0,0,500357,0,0,0,500357,5.954733,122820,16931,10,16921,14973,1948,1111,837,120,609,0,609,42.345441,84574,12447,8062,4385,3,4382,0,4382,550,3832,0,3832,30.253013,164553,20364,14958,5406,8,5398,0,5398,46,5352,0,5352,22.796412,12129424,3355094,2839512,515582,65799,449788,13207,436581,191502,218824,2,218822,51.297934,3961750,4022205,493083,3529122,114667,3414456,2298,3412158,3032422,377775,42,377733,49.620541,4102228,3675200,340593,3334607,100560,3183531,4150,3179381,2710716,389775,50,389725,25.619283,5292326,392430,202628,189802,244,173921,0,173921,16679,156393,1,156392,80.42112,147122,80669,660,80009,12692,67317,4881,62436,42805,17173,0,17173,0,0,0,0,0,0,0,0,0,0,0,0,0,0,0,0,0,0,0,0,0,0,0,0,0,0,0,0,0,0,0,0,0,0,0,0,0,0,0,15.951241,109490394,12791479,4664450,8127029,307017,7262616,12373,7742261,5969279,1170520,134,1662404,44393447,19856721,0,53145517,1316552056,0,250471779,9993468,0,1739070163,7.46650077266013,43377805,6197556,17799652,13.113010771375158,1.8735069371122106,14.98651770848737,64.0957692673181,10.65431165,5.824146313125,212.67309173737502,70.85940672,120.76380911999999,14.576651712,84.873018032,509.5701236345,0,0,0,0,0,0,0,0,0,0,0,0,
IS,BASE,b,1300988954.0,0,0,0,0,0,0,0,0,0,0,0,0,0,0,0,0,0,0,0,0,0,0,0,0,0,0,0,136.413767,10635782,12957535,453085,12504450,515108,7946198,26392,7919806,4043027,3876779,0,3876779,138.90517,136413,125735,125734,1,0,1,0,1,1,0,0,0,124.471455,110495,151651,151650,1,0,1,0,1,0,1,0,1,111.032166,116677,145471,145470,1,0,1,0,1,0,1,0,1,5.032671,8388771,21,19,2,1,1,0,1,0,1,0,1,0,0,0,0,0,0,0,0,0,0,0,0,0,0,0,0,0,0,0,0,0,0,0,0,0,0,0,0,0,0,0,0,0,0,0,0,0,0,0,0,0,0,0,0,0,0,0,0,0,0,0,0,0,0,0,0,0,0,0,0,0,0,0,0,0,0,0,0,0,0,0,0,0,0,0,0,0,0,79.833733,19769062,13345816,808242,12537574,513601,7947577,25761,7921816,4076208,3845579,1,3845578,6291827,7340686,0,147,384541751,0,76521953,41945286,0,519788344,5.081775045755492,19246934,16719460,33633135,2.8172391468095035,2.447284186952354,5.264523333761858,6.487330923417005,0.6418769955,10.941313096875,440.68716417262505,133.4207586,53.58346425599999,39.32416992,61.574466527999995,739.5313365735001,0,0,0,0,0,0,0,0,0,0,0,0,
IS,MAA/1K,b,528181067.0,0,0,495279278,461515494,0,0,0,0,32717370,956794772,6912706,0,0,488366572,0,0,0,0,0,0,0,0,0,0,0,0,0,36.893939,6269822,546127,414929,131198,102885,28198,28186,12,0,12,0,12,128.011345,126787,135358,135345,13,4,9,3,6,0,6,0,6,107.207012,136811,125337,125322,15,1,14,8,6,0,6,0,6,97.517677,141348,120798,120790,8,0,8,7,1,0,1,0,1,0,0,0,0,0,0,0,0,0,0,0,0,0,0,0,0,0,0,0,0,0,0,0,0,0,0,0,0,0,0,0,0,0,0,0,0,0,0,0,0,0,0,0,0,0,0,0,0,0,0,0,0,0,0,0,0,0,0,0,0,0,0,0,0,0,0,0,0,0,0,0,0,0,0,0,0,0,0,0,0,0,0,0,0,0,0,0,0,0,0,0,155.506637,7184825,878612,743316,135296,100944,30282,28103,2179,31,2118,2,2116,6291829,7340686,0,147,83622783,0,9748793,8653047,0,118804002,4.72266678693391,37160732,34603905,46939761,13.397914369759766,12.476077060303922,25.87399143006369,34.59207353058861,28.58047105,15.307575110625,164.278080823875,186.48438636,103.455477888,81.38838456,122.861058544,673.7749632865,0,0,0,0,0,0,0,0,0,0,0,0,
IS,MAA/2K,b,461994994.0,0,0,428828133,368306480,0,0,0,0,32871306,797134613,10810378,0,0,418017755,0,0,0,0,0,0,0,0,0,0,0,0,0,37.606938,6270437,545516,414327,131189,102884,28193,28184,9,0,9,0,9,132.069118,123020,139129,139114,15,7,8,4,4,0,4,0,4,92.336636,144668,117480,117463,17,4,13,10,3,0,3,0,3,99.296093,145490,116656,116637,19,1,18,14,4,0,4,0,4,0,0,0,0,0,0,0,0,0,0,0,0,0,0,0,0,0,0,0,0,0,0,0,0,0,0,0,0,0,0,0,0,0,0,0,0,0,0,0,0,0,0,0,0,0,0,0,0,0,0,0,0,0,0,0,0,0,0,0,0,0,0,0,0,0,0,0,0,0,0,0,0,0,0,0,0,0,0,0,0,0,0,0,0,0,0,0,0,0,0,0,133.014247,7146775,894262,758900,135362,100803,30440,28258,2182,38,2112,2,2110,6291829,7340686,0,147,83731943,0,9639561,8521976,0,118672860,4.586850230055372,36912683,34354873,39212359,15.215075432851465,14.160769190931804,29.37584462378327,44.97866743178341,29.2927513,12.782988489375,144.509203105125,155.75061684,102.76490947199999,80.802661296,122.01005587199998,618.6204350744999,0,0,0,0,0,0,0,0,0,0,0,0,
IS,MAA/4K,b,407906202.0,0,0,375424908,343220727,0,0,0,0,32407537,718645635,7591966,0,0,367832942,0,0,0,0,0,0,0,0,0,0,0,0,0,38.634584,6229683,586271,455005,131266,102884,28194,28184,10,0,10,0,10,134.530174,117252,144897,144884,13,3,10,5,5,0,5,0,5,120.617046,108610,153538,153523,15,3,12,8,4,0,4,0,4,101.380062,130848,131298,131288,10,0,10,7,3,0,3,0,3,0,0,0,0,0,0,0,0,0,0,0,0,0,0,0,0,0,0,0,0,0,0,0,0,0,0,0,0,0,0,0,0,0,0,0,0,0,0,0,0,0,0,0,0,0,0,0,0,0,0,0,0,0,0,0,0,0,0,0,0,0,0,0,0,0,0,0,0,0,0,0,0,0,0,0,0,0,0,0,0,0,0,0,0,0,0,0,0,0,0,0,125.441391,7031899,965110,830177,134933,100460,30755,28578,2177,31,2117,2,2115,6291829,7340686,0,147,83244702,0,9535687,8456439,0,118016207,4.867358263689151,36434208,33874755,31241289,17.009235383402302,15.814359992402858,32.82359537580516,55.5657093107745,29.7878227,10.178191715625,129.083118370875,124.04326284,101.43283507199999,79.67342376,120.36894465599998,564.7797764144999,0,0,0,0,0,0,0,0,0,0,0,0,
IS,MAA/8K,b,402108847.0,0,0,369583599,331537419,0,0,0,0,32494137,701121018,6561076,0,0,363022523,0,0,0,0,0,0,0,0,0,0,0,0,0,33.097041,6303537,512411,381043,131368,102884,28194,28184,10,0,10,0,10,148.710476,124050,138097,138074,23,3,20,15,5,0,5,0,5,115.87077,117794,144350,144344,6,2,4,1,3,0,3,0,3,111.624912,130417,131729,131718,11,1,10,6,4,0,4,0,4,0,0,0,0,0,0,0,0,0,0,0,0,0,0,0,0,0,0,0,0,0,0,0,0,0,0,0,0,0,0,0,0,0,0,0,0,0,0,0,0,0,0,0,0,0,0,0,0,0,0,0,0,0,0,0,0,0,0,0,0,0,0,0,0,0,0,0,0,0,0,0,0,0,0,0,0,0,0,0,0,0,0,0,0,0,0,0,0,0,0,0,108.926301,7062858,927850,792794,135056,100414,30801,28621,2180,38,2113,1,2112,6291829,7340686,0,147,83223278,0,9503950,8423671,0,117930278,4.2788806829795485,36010721,33452381,28007132,17.05390950417708,15.842334239107648,32.89624374328473,59.68056249489117,29.96668625,9.1237202775,128.47388526150002,111.19610832,100.253847264,78.680000112,118.920830624,546.6483918590001,0,0,0,0,0,0,0,0,0,0,0,0,
IS,MAA/16K,b,387110923.0,0,0,354033877,315672164,0,0,0,0,33057676,669706041,5816633,0,0,348217244,0,0,0,0,0,0,0,0,0,0,0,0,0,40.888519,6260304,555647,424568,131079,102907,28172,28162,10,0,10,0,10,126.836563,145648,116501,116483,18,3,15,11,4,0,4,0,4,111.875332,136562,125584,125572,12,2,10,3,7,0,7,0,7,103.808933,127104,135040,135023,17,2,15,12,3,0,3,0,3,0,0,0,0,0,0,0,0,0,0,0,0,0,0,0,0,0,0,0,0,0,0,0,0,0,0,0,0,0,0,0,0,0,0,0,0,0,0,0,0,0,0,0,0,0,0,0,0,0,0,0,0,0,0,0,0,0,0,0,0,0,0,0,0,0,0,0,0,0,0,0,0,0,0,0,0,0,0,0,0,0,0,0,0,0,0,0,0,0,0,0,128.380409,7018805,889495,758272,131223,100533,30691,28511,2180,39,2112,1,2111,6291829,7340686,0,147,82773780,0,9448193,8407287,0,117408639,5.219977897727773,35778792,33221673,26297968,17.60054089269856,16.34262593774434,33.943166830442905,61.88725974527853,30.0767498,8.5652373525,123.97589994750001,104.39768448,99.608156928,78.137374896,118.12879608,532.813149684,0,0,0,0,0,0,0,0,0,0,0,0,
IS,MAA/32K,b,383401167.0,0,0,350555844,346541806,0,0,0,0,32841699,697097650,4616997,0,0,345938847,0,0,0,0,0,0,0,0,0,0,0,0,0,42.090557,6254040,561907,430828,131079,102907,28172,28162,10,0,10,0,10,136.578892,131666,130479,130466,13,5,8,4,4,0,4,0,4,95.296463,155673,106471,106460,11,3,8,5,3,0,3,0,3,97.668835,138291,123856,123845,11,0,11,7,4,0,4,0,4,0,0,0,0,0,0,0,0,0,0,0,0,0,0,0,0,0,0,0,0,0,0,0,0,0,0,0,0,0,0,0,0,0,0,0,0,0,0,0,0,0,0,0,0,0,0,0,0,0,0,0,0,0,0,0,0,0,0,0,0,0,0,0,0,0,0,0,0,0,0,0,0,0,0,0,0,0,0,0,0,0,0,0,0,0,0,0,0,0,0,0,91.84681,7143767,869073,737852,131221,100589,30634,28451,2183,33,2123,2,2121,6291829,7340686,0,147,84037148,0,9555596,8399095,0,118771218,3.796377158560527,35663530,33132029,25642662,17.713593028860956,16.456230718788042,34.169823747649,62.72628295672399,30.1768274,8.3508462375,122.96601270750001,101.78916072,99.28726752,77.926532208,117.777997008,528.097816401,0,0,0,0,0,0,0,0,0,0,0,0,
CG,BASE,c,337805158.0,0,0,0,0,0,0,0,0,0,0,0,0,0,0,0,0,0,0,0,0,0,0,0,0,0,0,0,6.043672,45635207,36682,36619,63,53,10,0,10,8,2,0,2,7.403379,435252,42475,19810,22665,20170,2495,0,2495,2494,1,0,1,7.35515,24568250,101032,100998,34,24,10,0,10,8,2,0,2,53.555335,1696654,34716715,402271,34314444,11793616,22516781,0,22516781,15017531,1,0,1,10.45946,284735,34034,8441,25593,17202,8390,0,8390,36,2174,0,2174,53.205211,557011,8691786,100584,8591202,2948484,5642718,0,5642718,3753864,2181,0,2181,6.374496,302804,15969,1031,14938,4783,5470,0,5470,54,5,0,5,7.664196,91900,1859,1848,11,0,4,0,4,2,2,0,2,0,0,0,0,0,0,0,0,0,0,0,0,0,0,0,0,0,0,0,0,0,0,0,0,0,0,0,0,0,0,0,0,0,0,0,0,0,0,0,25.014855,75508876,43742385,697215,43045170,14833139,28208219,0,28208219,18772281,4657,10,4647,274620523,2062785,0,361923359,868445999,0,186793675,2478517,0,2427429797,34.16824457698568,22845605,149239,1399810,12.878703692540007,0.08413017997864264,12.96283387251865,93.9125049076219,1.580378655,0.495248289375,117.58479327412502,5.8479684,63.60216431999999,0.351010128,39.367172928,227.24835733950002,0,0,0,0,0,0,0,0,0,0,0,0,
CG,MAA/1K,c,325801808.0,239272125,0,51527469,294035666,11420304,0,162397328,0,21503803,758652892,90380575,0,0,200419019,0,0,0,0,0,0,0,0,0,0,0,0,0,0,0,0,0,0,0,0,0,0,0,0,0,0,180.669444,358,191,6,185,0,185,0,185,0,185,0,185,0,0,0,0,0,0,0,0,0,0,0,0,0,27.370084,301752,332067,209038,123029,45978,67710,1446,66264,3469,31,0,31,46.734219,37738,187423,75107,112316,18979,93336,18502,74834,4701,4647,0,4647,22.100807,32960,135877,56263,79614,18662,49466,86,49380,2,4638,0,4638,24.712166,341535,241166,129433,111733,37627,66153,9204,56949,3179,40,4,36,45.876586,15,37503,28125,9378,4863,4515,4506,9,2,7,3,4,0,0,0,0,0,0,0,0,0,0,0,0,0,0,0,0,0,0,0,0,0,0,0,0,0,0,0,0,0,0,0,0,0,0,0,0,0,0,0,38.49162,2221623,900656,468767,431889,135069,249255,33157,216098,11626,326,20,306,3151611,1614518,0,678751,54550450,0,8254333,3551168,0,80433130,1.3475470405900263,22908927,238007,674911,13.390198752055024,0.13911437381507918,13.529313125870104,97.08423154444559,8.967972755,0.269311370625,113.68720649587502,3.04545396,63.778452767999994,0.559792464,39.627551008,220.9677680665,0,0,0,0,0,0,0,0,0,0,0,0,
CG,MAA/2K,c,280070801.0,213360429,0,35234435,248910296,11374823,0,149742084,0,21499367,658622067,64477651,0,0,184117213,0,0,0,0,0,0,0,0,0,0,0,0,0,0,0,0,0,0,0,0,0,0,0,0,0,0,222.461111,176,97,2,95,0,95,0,95,0,95,0,95,0,0,2,0,2,0,2,0,2,0,2,0,2,24.460615,157892,318583,189034,129549,50368,74495,1409,73086,1670,31,0,31,46.677745,37765,187387,75080,112307,18992,93314,18488,74826,4700,4650,0,4650,15.011733,100566,124536,56275,68261,18646,35260,96,35164,11,4639,0,4639,26.202047,183454,258126,134984,123142,37652,80918,9171,71747,32,43,1,42,26.366028,56188,37587,28190,9397,4924,4456,4444,12,4,8,3,5,0,0,0,0,0,0,0,0,0,0,0,0,0,0,0,0,0,0,0,0,0,0,0,0,0,0,0,0,0,0,0,0,0,0,0,0,0,0,0,40.021251,1734000,893633,468790,424843,135054,249111,33368,215743,7331,269,22,247,3151611,1614086,0,678031,48052790,0,5664474,1780162,0,69571754,1.2597912719303253,22856672,185976,502698,15.541070353289026,0.12645174678200222,15.667522100071029,97.81840177396279,13.9015608,0.203110974375,97.76780705512502,2.28699528,63.63297484799999,0.43741555199999993,39.449013376,203.77731708550002,0,0,0,0,0,0,0,0,0,0,0,0,
CG,MAA/4K,c,244750114.0,187305841,0,27568734,216792638,11387578,0,130619916,0,21570883,573674707,52478852,0,0,162395723,0,0,0,0,0,0,0,0,0,0,0,0,0,0,0,0,0,0,0,0,0,0,0,0,0,0,208.826087,84,56,4,52,0,52,0,52,1,51,0,51,0,0,2,0,2,0,2,0,2,0,2,0,2,30.29083,445263,346152,229464,116688,41630,61023,1431,59592,5040,31,0,31,46.80337,37697,187472,75118,112354,18942,93412,18539,74873,4701,4647,0,4647,15.004365,102021,123086,56289,66797,18649,33879,97,33782,8,4638,0,4638,23.123742,474469,249668,123774,125894,37643,84395,9167,75228,3212,36,3,33,26.24844,56195,37575,28186,9389,4920,4460,4448,12,7,5,3,2,0,0,0,0,0,0,0,0,0,0,0,0,0,0,0,0,0,0,0,0,0,0,0,0,0,0,0,0,0,0,0,0,0,0,0,0,0,0,0,42.100783,1444815,886888,468871,418017,134874,236524,33338,203186,420,233,15,218,3151611,1613870,0,677671,42382754,0,4149502,894779,0,61499918,1.2559037013215815,22831347,160983,406862,17.764148508170585,0.12525436713352153,17.889402875304107,98.23044467437619,13.94239855,0.1639923225,85.4561614695,1.84805832,63.562470047999994,0.378632016,39.36286895999999,190.772183136,0,0,0,0,0,0,0,0,0,0,0,0,
CG,MAA/8K,c,202715845.0,151527773,0,23785053,177606031,11344131,0,105225364,0,20934328,469488352,42083913,0,0,133228913,0,0,0,0,0,0,0,0,0,0,0,0,0,0,0,0,0,0,0,0,0,0,0,0,0,0,293.797619,39,71,2,69,0,69,0,69,21,48,1,47,0,0,2,0,2,0,2,0,2,0,2,0,2,27.495414,301706,332346,209236,123110,45526,68225,1845,66380,3405,31,0,31,46.644068,37728,187408,75078,112330,19022,93306,18457,74849,18,4650,9,4641,15.081093,100373,124691,56264,68427,18632,34895,111,34784,8,4641,0,4641,24.77845,330762,252172,129362,122810,37653,81082,9180,71902,28,38,4,34,26.214681,56196,37576,28187,9389,4979,4401,4389,12,6,6,4,2,0,0,0,0,0,0,0,0,0,0,0,0,0,0,0,0,0,0,0,0,0,0,0,0,0,0,0,0,0,0,0,0,0,0,0,0,0,0,0,67.796388,542461,896422,468744,427678,135066,248653,33158,215495,3592,232,26,206,3151696,1613990,0,677716,30219889,0,2548816,454108,0,47296125,1.9064820677962098,22818825,148616,341738,21.435881357981426,0.13960907031355768,21.575490428294984,98.51207629095467,14.00544115,0.130351715625,70.786986700875,1.49756328,63.527608799999996,0.3495448319999999,39.320258992,175.6123143205,0,0,0,0,0,0,0,0,0,0,0,0,
CG,MAA/16K,c,175709320.0,117165955,0,25286418,152133223,11371059,0,90582553,0,20878699,396539208,47038269,0,0,95414104,0,0,0,0,0,0,0,0,0,0,0,0,0,0,0,0,0,0,0,0,0,0,0,0,0,0,269.734375,18,59,0,59,0,59,0,59,20,39,2,37,0,2,2,0,2,0,2,0,2,0,2,0,2,27.400252,301270,332392,209288,123104,46286,67469,1155,66314,3356,31,0,31,47.377856,24015,201226,88870,112356,19034,93321,18446,74875,9386,4649,9,4640,14.614314,102475,122716,56302,66414,18706,41566,29,41537,15,4638,0,4638,24.697198,342035,240709,129437,111272,42352,59160,9141,50019,48,37,4,33,26.400525,56214,37557,28174,9383,4869,4511,4500,11,3,8,6,2,0,0,0,0,0,0,0,0,0,0,0,0,0,0,0,0,0,0,0,0,0,0,0,0,0,0,0,0,0,0,0,0,0,0,0,0,0,0,0,43.564603,898110,893123,482666,410457,134513,231685,33904,197781,11694,227,23,204,3151696,1613942,0,677636,41093739,0,3286547,232679,0,58685921,1.5962699093737827,22814677,144596,304927,24.726081159769702,0.15671019280168025,24.88279135257138,98.67187867838847,16.30283735,0.114594226875,61.354326482625005,1.32355092,63.516060767999996,0.34008979199999995,39.306275376,165.9548975655,0,0,0,0,0,0,0,0,0,0,0,0,
CG,MAA/32K,c,153540023.0,87556347,0,27712585,130529392,11398738,0,72881218,0,21063771,330078280,56658205,0,0,58610727,0,0,0,0,0,0,0,0,0,0,0,0,0,0,0,0,0,0,0,0,0,0,0,0,0,0,308.76,4,50,0,50,0,50,0,50,22,28,3,25,0,0,2,0,2,0,2,0,2,0,2,0,2,30.454,445846,346137,229445,116692,41266,61392,1795,59597,5060,31,0,31,46.959554,37660,187437,75070,112367,19027,93330,18453,74877,9376,4651,6,4645,14.972429,99939,125116,56265,68851,18663,35642,85,35557,8,4638,0,4638,23.097422,490250,234378,123706,110672,37984,69537,9105,60432,26,42,5,37,26.716573,56198,37572,28174,9398,4893,4487,4475,12,4,8,6,2,0,0,0,0,0,0,0,0,0,0,0,0,0,0,0,0,0,0,0,0,0,0,0,0,0,0,0,0,0,0,0,0,0,0,0,0,0,0,0,38.414528,986191,873419,468698,404721,139769,217929,33129,184800,7923,209,22,187,3151696,1613918,0,677596,29913806,0,2145090,122160,0,46253872,1.3252149513290614,22809661,139569,266020,28.290002983415857,0.1731024159627961,28.46310539937865,98.84083256823867,19.474170700000002,0.098256106875,53.615764586625005,1.1419728,63.502096224,0.328266288,39.289081759999995,157.9754377655,0,0,0,0,0,0,0,0,0,0,0,0,
PRH,BASE,2M,283032048.0,0,0,0,0,0,0,0,0,0,0,0,0,0,0,0,0,0,0,0,0,0,0,0,0,0,0,0,0,0,0,0,0,0,0,0,0,0,0,0,0,5.583711,3432958,82966,6398,76568,4507,72061,0,72061,860,71200,0,71200,5.306755,4670103,76795,866,75929,4918,71011,0,71011,730,70255,0,70255,5.004657,4796451,130084,92,129992,1259,128722,0,128722,7082,121640,0,121640,5.010205,1936489,63547,36,63511,857,62654,0,62654,1,62653,0,62653,5.001945,1000383,8,0,8,3,5,0,5,0,5,0,5,5.004516,1000381,9,0,9,0,9,0,9,0,9,0,9,5.006222,1020419,240,3,237,5,43,0,43,35,8,0,8,5.033991,1020200,630,2,628,114,233,2,231,229,2,0,2,4.813354,5759544,74,1,73,69,1,0,1,0,1,0,1,5.354331,126,1,0,1,0,1,0,1,0,0,0,0,4.266801,105973179,611719,208079,403640,24506,382091,34,382057,13882,331681,48,331633,366,413612,0,17169,635731062,0,423481237,91460031,0,1151450649,6.384124129865333,3394733,1290515,3071324,2.2840509581704604,0.8682868497414531,3.1523378079119135,34.44692788940948,0.341667891,1.0412113125,97.67564399250001,12.49502544,9.450936672,3.03529128,8.021144576,131.719253273,0,0,0,0,0,0,0,0,0,0,0,0,
PRH,MAA/1K,2M,153636718.0,0,32841008,2466976,36080432,0,31433381,0,0,109930744,102821797,1216347,0,0,34091637,0,0,0,0,0,0,0,0,0,0,0,0,0,0,0,0,0,0,0,0,0,0,0,0,0,0,6.332991,1500970,13020,6704,6316,0,6316,0,6316,41,6275,2,6273,5.527881,2736125,6392,1138,5254,0,5254,0,5254,41,5213,6,5207,5.000078,2855539,66011,17,65994,21,65874,0,65874,5692,60182,1,60181,0,0,0,0,0,0,0,0,0,0,0,0,0,5.560784,366,21,11,10,0,1,0,1,1,0,0,0,5.607843,366,20,10,10,0,1,0,1,1,0,0,0,5.401937,20855,440,57,383,21,67,0,67,63,4,0,4,5.268105,21031,271,53,218,9,34,1,33,33,0,0,0,0,8166,538,0,538,0,33,0,33,33,0,0,0,5.11811,126,1,0,1,1,0,0,0,0,0,0,0,4.844751,47141113,540488,391886,148602,4280,148843,9,148834,11753,84261,50,84211,366,413612,0,17169,314915639,0,170382150,36813555,0,523105693,5.372809804317194,4349771,2169942,2142458,5.391469704557268,2.689607465231252,8.08107716978852,67.13876822492033,7.531147955,0.7217694075,52.80984877950001,8.68249368,12.109762463999997,5.103703584,11.161748656,90.589326571,0,0,0,0,0,0,0,0,0,0,0,0,
PRH,MAA/2K,2M,142397599.0,0,22139343,2093200,27389985,0,22884882,0,0,109176546,74507410,1407955,0,0,22824588,0,0,1,0,1,0,0,0,1,0,0,0,1,0,0,0,0,0,0,0,0,0,0,0,0,0,6.326156,1501406,13023,6586,6437,0,6437,0,6437,45,6392,2,6390,5.530546,2736611,6412,1090,5322,0,5322,0,5322,47,5275,5,5270,5.000118,2856532,66059,24,66035,18,65820,0,65820,5536,60284,1,60283,0,0,0,0,0,0,0,0,0,0,0,0,0,5.564706,366,21,11,10,0,1,0,1,1,0,0,0,5.607843,365,20,10,10,0,1,0,1,1,0,0,0,5.416478,20267,431,55,376,8,65,0,65,61,4,0,4,5.279049,20433,275,54,221,9,33,1,32,32,0,0,0,0,7930,518,0,518,0,32,0,32,32,0,0,0,5.11811,126,1,0,1,1,0,0,0,0,0,0,0,4.765111,46679631,507337,361996,145341,4489,144827,12,144815,11460,83365,43,83322,366,413612,0,17169,308585581,0,169211395,36152669,0,514838672,5.662404628539215,3900972,1723008,1418236,5.216821305648436,2.3042013232093694,7.521022628857805,74.78234275370824,6.320905444999999,0.48642301875,49.19246174325001,5.81141616,10.860306048,4.0525148159999995,9.628253759999998,80.031375546,0,0,0,0,0,0,0,0,0,0,0,0,
PRH,MAA/4K,2M,132108363.0,0,15796563,1730419,19930915,0,16739984,0,0,107431921,54197881,1574939,0,0,15952043,0,0,1,0,1,0,0,0,1,0,0,0,1,0,0,0,0,0,0,0,0,0,0,0,0,0,6.323974,1502047,13009,6645,6364,0,6364,0,6364,48,6316,2,6314,5.535569,2738052,6326,1031,5295,0,5295,0,5295,44,5251,1,5250,5.000009,2858541,65977,20,65957,17,65848,1,65847,6017,59830,2,59828,0,0,0,0,0,0,0,0,0,0,0,0,0,5.564706,366,21,11,10,0,1,0,1,1,0,0,0,5.611765,365,20,10,10,0,1,0,1,1,0,0,0,5.407055,20846,443,56,387,19,65,0,65,61,4,0,4,5.288301,21016,278,53,225,13,34,1,33,33,0,0,0,0,8173,531,0,531,0,33,0,33,33,0,0,0,5.11811,126,1,0,1,1,0,0,0,0,0,0,0,4.640293,46620046,460997,318137,142860,5386,140779,13,140766,11886,82155,83,82072,366,413612,0,17169,304762914,0,168568991,35819043,0,509988124,5.9209817572381915,3674039,1497389,989541,5.29601554914783,2.1584407316097955,7.454456280757626,80.86522716742842,5.182833909999999,0.346236901875,45.779425172625,4.10543676,10.228524576,3.521858928,8.853484736,72.8349670745,0,0,0,0,0,0,0,0,0,0,0,0,
PRH,MAA/8K,2M,130029879.0,0,12936864,1534390,16543994,0,13759103,0,0,108589698,44774351,1657890,0,0,12813364,0,0,1,0,1,0,0,0,1,0,0,0,1,0,0,0,0,0,0,0,0,0,0,0,0,0,6.292953,1501794,13016,6592,6424,0,6424,0,6424,53,6371,2,6369,5.538874,2738054,6466,1046,5420,0,5420,0,5420,50,5370,3,5367,5.000075,2858031,65905,22,65883,29,65832,0,65832,5827,60005,2,60003,0,0,0,0,0,0,0,0,0,0,0,0,0,5.564706,366,21,11,10,0,1,0,1,1,0,0,0,5.607843,366,20,10,10,0,1,0,1,1,0,0,0,5.416375,19716,402,46,356,12,62,0,62,58,4,0,4,5.28184,19862,257,51,206,8,32,1,31,31,0,0,0,0,7697,495,0,495,0,31,0,31,31,0,0,0,5.11811,126,1,0,1,1,0,0,0,0,0,0,0,4.63756,46740723,518804,369278,149526,3745,150106,6,150100,12369,84076,75,84001,366,413612,0,17169,310210372,0,168886164,35663488,0,515574310,6.023395715586261,3562209,1384044,757432,5.216894338160619,2.02694769098758,7.243842029148199,84.68675176947075,4.66104102,0.26997536625,45.15454320075,3.17909952,9.917189856,3.255271488,8.467985136,70.244064567,0,0,0,0,0,0,0,0,0,0,0,0,
PRH,MAA/16K,2M,127943759.0,0,11657649,1459835,15124030,0,12625315,0,0,107517114,40866829,1788652,0,0,11328832,0,0,1,0,1,0,0,0,1,0,0,0,1,0,0,0,0,0,0,0,0,0,0,0,0,0,6.300765,1501704,13066,6672,6394,0,6394,0,6394,54,6340,0,6340,5.524122,2738611,6362,1066,5296,0,5296,0,5296,45,5251,1,5250,5.000065,2858815,65904,25,65879,23,65837,0,65837,5990,59847,1,59846,0,0,0,0,0,0,0,0,0,0,0,0,0,5.564706,366,21,11,10,0,1,0,1,1,0,0,0,5.858824,365,20,10,10,0,1,0,1,1,0,0,0,5.419592,20284,434,55,379,18,66,0,66,62,4,0,4,5.279502,20435,266,52,214,11,33,1,32,32,0,0,0,0,7947,501,0,501,0,32,0,32,32,0,0,0,5.11811,126,1,0,1,1,0,0,0,0,0,0,0,4.618667,46631830,510065,360008,150057,3215,151164,12,151152,13062,83881,87,83794,366,413612,0,17169,310352490,0,168810951,35579874,0,515546045,6.093953039588582,3504613,1327538,603603,5.216230311380187,1.9758940445375939,7.19212435591778,87.50860641565217,4.48293376,0.21877731375,44.49323293125,2.56031988,9.756842592,3.1223693759999995,8.272642512,68.42418460500001,0,0,0,0,0,0,0,0,0,0,0,0,
PRH,MAA/32K,2M,127518489.0,0,11129873,1436609,14915002,0,12730606,0,0,107625897,40212090,1781616,0,0,10784866,0,0,1,0,1,0,0,0,1,0,0,0,1,0,0,0,0,0,0,0,0,0,0,0,0,0,6.303197,1502821,13025,6680,6345,0,6345,0,6345,47,6298,0,6298,5.517656,2739613,6367,1029,5338,0,5338,0,5338,42,5296,0,5296,5.000008,2859364,65991,14,65977,22,65915,0,65915,6008,59907,1,59906,0,0,0,0,0,0,0,0,0,0,0,0,0,5.572549,366,21,11,10,0,1,0,1,1,0,0,0,5.678431,365,20,10,10,0,1,0,1,1,0,0,0,5.413647,20292,433,55,378,14,65,0,65,61,4,0,4,5.273443,20424,267,51,216,8,33,1,32,32,0,0,0,0,7943,505,0,505,0,32,0,32,32,0,0,0,5.11811,126,1,0,1,1,0,0,0,0,0,0,0,4.629827,46623443,510756,360793,149963,3473,150836,11,150825,12888,83875,72,83803,366,413612,0,17169,309048304,0,168682839,35559405,0,514089543,6.124398611369485,3489130,1313651,486204,5.210504741423554,1.96174541048221,7.172250151905764,89.87661523604761,4.40173006,0.18115695,44.395030596,2.09883024,9.713737919999998,3.089707152,8.222361071999998,67.70082393,0,0,0,0,0,0,0,0,0,0,0,0,
PRO,BASE,2M,218517507.0,0,0,0,0,0,0,0,0,0,0,0,0,0,0,0,0,0,0,0,0,0,0,0,0,0,0,0,0,0,0,0,0,0,0,0,0,0,0,0,0,6.640601,2905956,94898,18735,76163,4872,71291,0,71291,771,70519,0,70519,5.499352,2927467,77503,1825,75678,4732,70946,0,70946,951,69974,0,69974,5.011017,1936106,64004,70,63934,1276,62658,0,62658,1,62657,0,62657,5.013009,1936472,63568,41,63527,868,62659,0,62659,1,62658,0,62658,5.001943,1000383,9,0,9,3,6,0,6,0,6,0,6,5.004616,1000381,9,0,9,0,9,0,9,0,9,0,9,5.006052,1020447,238,3,235,6,41,0,41,34,7,0,7,5.033901,1020170,654,5,649,107,234,2,232,230,2,0,2,4.813972,5760385,71,1,70,67,1,0,1,0,1,0,1,5.354331,126,1,0,1,0,1,0,1,0,0,0,0,4.284365,78545575,419662,102563,317099,26282,291564,21,291543,5892,269030,41,268989,366,1068972,0,17169,487812336,0,338066269,76001939,0,903315070,6.628305798225014,3124476,1071616,2644438,2.7228689551374052,0.9338749723884985,3.6567439275259037,36.97855051795814,0.40966112899999996,0.88685487375,75.29962593825,10.68702408,8.698541184,2.520440832,7.183709504,105.276196412,0,0,0,0,0,0,0,0,0,0,0,0,
PRO,MAA/1K,2M,89298199.0,0,32975708,2476784,36509693,0,31740451,0,0,45533411,103702636,1226701,0,0,34225791,0,0,0,0,0,0,0,0,0,0,0,0,0,0,0,0,0,0,0,0,0,0,0,0,0,0,9.29643,977855,22999,17495,5504,1,5503,0,5503,39,5464,0,5464,6.391465,997919,7042,1943,5099,2,5097,0,5097,33,5064,0,5064,0,0,0,0,0,0,0,0,0,0,0,0,0,0,0,0,0,0,0,0,0,0,0,0,0,0,5.564706,366,21,11,10,0,1,0,1,1,0,0,0,5.607843,366,20,10,10,0,1,0,1,1,0,0,0,5.401529,20269,429,55,374,25,62,0,62,60,2,0,2,5.270159,20449,273,53,220,14,33,1,32,32,0,0,0,0,7928,520,0,520,0,32,0,32,32,0,0,0,5.11811,126,1,0,1,1,0,0,0,0,0,0,0,5.564901,19651538,448475,370594,77881,5491,76479,9,76470,5477,21049,57,20992,366,1068972,0,17169,165001562,0,84797363,21351449,0,272800144,5.284439912498447,4071309,1943125,1915428,8.682147923982956,4.143752951394596,12.825900875377553,68.1528137144742,12.9346137,0.634926435,30.404520432000005,7.68578928,11.334524256,4.57023,10.296711008,64.92670141100001,0,0,0,0,0,0,0,0,0,0,0,0,
PRO,MAA/2K,2M,79360151.0,0,22115366,2075196,26972646,0,22483445,0,0,46156186,73646653,1380569,0,0,22809993,0,0,0,0,0,0,0,0,0,0,0,0,0,0,0,0,0,0,0,0,0,0,0,0,0,0,9.436826,977412,22967,17556,5411,0,5411,0,5411,42,5369,1,5368,6.384526,997467,7030,2021,5009,3,5006,0,5006,33,4973,0,4973,0,0,0,0,0,0,0,0,0,0,0,0,0,0,0,0,0,0,0,0,0,0,0,0,0,0,5.576471,366,21,11,10,0,1,0,1,1,0,0,0,5.607843,365,20,10,10,0,1,0,1,1,0,0,0,5.413226,19680,419,53,366,21,62,0,62,60,2,0,2,5.274318,19854,259,51,208,8,32,1,31,31,0,0,0,0,7693,499,0,499,0,31,0,31,31,0,0,0,5.11811,126,1,0,1,1,0,0,0,0,0,0,0,5.463114,19397052,466555,387205,79350,5437,78423,6,78417,5564,21212,66,21146,366,1068972,0,17169,164092613,0,84105301,20696817,0,270440010,5.7897930016166175,3621818,1494468,1198204,8.690803974797152,3.586079818093331,12.276883792890484,76.58058990447367,11.2665758,0.40175206125,27.239659704750004,4.84169904,10.083141312,3.5149887359999994,8.759081632,54.840322486000005,0,0,0,0,0,0,0,0,0,0,0,0,
PRO,MAA/4K,2M,70111434.0,0,15708817,1729271,19802721,0,16558184,0,0,45595959,53798993,1529104,0,0,15908984,0,0,0,0,0,0,0,0,0,0,0,0,0,0,0,0,0,0,0,0,0,0,0,0,0,0,9.352021,978027,22817,17266,5551,0,5551,0,5551,48,5503,0,5503,6.376382,997875,7096,1972,5124,0,5124,0,5124,37,5087,1,5086,0,0,0,0,0,0,0,0,0,0,0,0,0,0,0,0,0,0,0,0,0,0,0,0,0,0,5.564706,366,21,11,10,0,1,0,1,1,0,0,0,5.607843,365,20,10,10,0,1,0,1,1,0,0,0,5.41707,20839,444,57,387,23,64,0,64,62,2,0,2,5.27724,21021,271,52,219,11,34,1,33,33,0,0,0,0,8178,526,1,525,0,33,0,33,33,0,0,0,5.11811,126,1,0,1,1,0,0,0,0,0,0,0,5.304744,19318830,463456,383227,80229,5212,79140,12,79128,5922,21290,111,21179,366,1068972,0,17169,162952679,0,83693538,20368559,0,268509747,6.332415552655449,3397330,1268877,771880,9.227514035399224,3.446406538868836,12.67392057426806,83.45808490707763,9.682719705,0.262562424375,24.189524362125002,3.1467912,9.458166719999998,2.984398704,7.988546384,48.029989794500004,0,0,0,0,0,0,0,0,0,0,0,0,
PRO,MAA/8K,2M,66407921.0,0,12987221,1561096,16466919,0,13632886,0,0,44825400,44648122,1730404,0,0,12817913,0,0,0,0,0,0,0,0,0,0,0,0,0,0,0,0,0,0,0,0,0,0,0,0,0,0,9.365783,977607,22954,17502,5452,0,5452,0,5452,54,5398,0,5398,6.35093,997663,7018,1994,5024,0,5024,0,5024,45,4979,0,4979,0,0,0,0,0,0,0,0,0,0,0,0,0,0,0,0,0,0,0,0,0,0,0,0,0,0,5.564706,366,21,11,10,0,1,0,1,1,0,0,0,5.607843,366,20,10,10,0,1,0,1,1,0,0,0,5.424948,19706,418,54,364,17,62,0,62,60,2,0,2,5.27356,19851,261,51,210,10,32,1,31,31,0,0,0,0,7710,482,0,482,0,31,0,31,31,0,0,0,5.11811,126,1,0,1,1,0,0,0,0,0,0,0,5.198923,19186811,462794,380311,82483,3876,83067,13,83054,6999,22188,114,22074,366,1068972,0,17169,162321374,0,83467114,20204586,0,267463529,6.53447653517176,3284391,1156034,545489,9.418262677813525,3.315023051909313,12.733285729722837,87.71538760366407,9.056728840000002,0.188351263125,22.993024917375,2.24454444,9.143744544,2.718991968,7.6020076,44.89066473249999,0,0,0,0,0,0,0,0,0,0,0,0,
PRO,MAA/16K,2M,65208145.0,0,11637457,1463783,15479468,0,13000326,0,0,44845824,41581034,1775296,0,0,11325944,0,0,0,0,0,0,0,0,0,0,0,0,0,0,0,0,0,0,0,0,0,0,0,0,0,0,9.358651,977005,22878,17357,5521,0,5521,0,5521,41,5480,0,5480,6.366351,996939,7052,1964,5088,0,5088,0,5088,31,5057,0,5057,0,0,0,0,0,0,0,0,0,0,0,0,0,0,0,0,0,0,0,0,0,0,0,0,0,0,5.564706,366,21,11,10,0,1,0,1,1,0,0,0,5.611765,365,20,10,10,0,1,0,1,1,0,0,0,5.421518,20263,432,54,378,14,64,0,64,62,2,0,2,5.284711,20437,271,53,218,11,33,1,32,32,0,0,0,0,7940,508,0,508,0,32,0,32,32,0,0,0,5.11811,126,1,0,1,1,0,0,0,0,0,0,0,5.177971,19277499,465350,382359,82991,4706,82661,14,82647,6530,21676,89,21587,366,1068972,0,17169,163761734,0,83519452,20122733,0,268861825,6.632042600341998,3227356,1099116,399808,9.424989198385857,3.2097966346982076,12.634785833084065,90.75902952798492,8.719937325,0.14121535875,22.63651578225,1.66853088,8.984959104,2.585120832,7.406920064,43.423262021,0,0,0,0,0,0,0,0,0,0,0,0,
PRO,MAA/32K,2M,65042988.0,0,11162915,1455866,14658191,0,12266328,0,0,44848536,39543300,1856093,0,0,10762688,0,0,0,0,0,0,0,0,0,0,0,0,0,0,0,0,0,0,0,0,0,0,0,0,0,0,9.317753,977632,22937,17375,5562,2,5560,0,5560,61,5499,0,5499,6.343163,997672,7028,1986,5042,0,5042,0,5042,54,4988,0,4988,0,0,0,0,0,0,0,0,0,0,0,0,0,0,0,0,0,0,0,0,0,0,0,0,0,0,5.560784,366,21,11,10,0,1,0,1,1,0,0,0,5.631373,365,20,10,10,0,1,0,1,1,0,0,0,5.412174,20278,432,54,378,17,65,0,65,63,2,0,2,5.272877,20447,263,51,212,12,33,1,32,32,0,0,0,0,7934,514,0,514,0,32,0,32,32,0,0,0,5.11811,126,1,0,1,1,0,0,0,0,0,0,0,5.178402,19322954,473048,388371,84677,3092,86316,8,86308,7093,23250,103,23147,366,1068972,0,17169,166903920,0,83776272,20104186,0,272239754,6.66988284382747,3210014,1085452,280445,9.39814802072374,3.1779420791905033,12.576090099914243,93.47113910341741,8.563289165,0.10218266625,22.63127083575,1.1935278,8.936678976,2.552983104,7.353837791999999,42.770481174,0,0,0,0,0,0,0,0,0,0,0,0,
XRAGE,BASE,--,75479404.0,0,0,0,0,0,0,0,0,0,0,0,0,0,0,0,0,0,0,0,0,0,0,0,0,0,0,0,7.00888,2594380,27066,27061,5,0,5,0,5,0,5,0,5,66.448949,2699078,2019514,1317539,701975,68885,633090,16,633074,515428,117646,524,117122,10.639273,4632580,86019,86009,10,0,10,0,10,0,10,0,10,0,0,0,0,0,0,0,0,0,0,0,0,0,0,0,0,0,0,0,0,0,0,0,0,0,0,0,0,0,0,0,0,0,0,0,0,0,0,0,0,0,0,0,0,0,0,0,0,0,0,0,0,0,0,0,0,0,0,0,0,0,0,0,0,0,0,0,0,0,0,0,0,0,0,0,0,0,0,0,0,0,0,0,0,0,0,0,0,0,0,0,0,0,0,0,0,0,0,0,0,0,0,0,0,25.982802,13586876,2189193,1465278,723915,81173,642676,20,642656,462333,164547,156,164391,18875185,18875692,0,18874705,179994207,0,23996287,7404,0,260625719,14.757946001064662,4590281,1545236,2334515,11.581013584962738,3.898541093230127,15.479554678192866,61.950802189937704,5.72486901,0.771443221875,25.383264329625003,9.3496314,12.779342303999998,3.634395072,10.504005104,62.4220814315,0,0,0,0,0,0,0,0,0,0,0,0,
XRAGE,MAA/1K,--,71911032.0,25273836,24617949,0,70806315,0,0,0,0,106378,120698100,14466746,0,0,35425039,0,0,0,0,0,0,0,0,0,0,0,0,0,0,0,0,0,0,0,0,0,0,0,0,0,0,0,0,0,0,0,0,0,0,0,0,0,0,0,0,0,0,0,0,0,0,0,0,0,0,0,0,0,0,0,0,0,0,0,0,0,0,0,0,0,0,0,0,0,0,0,0,0,0,0,0,0,0,0,0,0,0,0,0,0,0,0,0,0,0,0,0,0,0,0,0,0,0,0,0,0,0,0,0,0,0,0,0,0,0,0,0,0,0,0,0,0,0,0,0,0,0,0,0,0,0,0,0,0,0,0,0,0,0,0,0,0,0,0,0,0,0,0,0,0,0,0,0,0,0,0,0,0,0,0,0,84.903854,129296,571,446,125,13,124,0,124,13,2,1,1,531,840,0,207,2476525,0,495420,203453,0,3179239,0.585558990380697,6610174,2683408,339998,17.50463802984826,7.1060286350100705,24.61066666485833,96.34158282565323,22.47004505,0.117588856875,25.014747335625003,1.40041848,18.402724416,6.311375616,15.910612383999998,67.1574670885,0,0,0,0,0,0,0,0,0,0,0,0,
XRAGE,MAA/2K,--,66442837.0,21373925,21652360,0,65439981,0,0,0,0,107457,108466266,14473982,0,0,28552303,0,0,0,0,0,0,0,0,0,0,0,0,0,0,0,0,0,0,0,0,0,0,0,0,0,0,0,0,0,0,0,0,0,0,0,0,0,0,0,0,0,0,0,0,0,0,0,0,0,0,0,0,0,0,0,0,0,0,0,0,0,0,0,0,0,0,0,0,0,0,0,0,0,0,0,0,0,0,0,0,0,0,0,0,0,0,0,0,0,0,0,0,0,0,0,0,0,0,0,0,0,0,0,0,0,0,0,0,0,0,0,0,0,0,0,0,0,0,0,0,0,0,0,0,0,0,0,0,0,0,0,0,0,0,0,0,0,0,0,0,0,0,0,0,0,0,0,0,0,0,0,0,0,0,0,0,101.564836,95402,499,372,127,13,122,0,122,13,2,1,1,531,840,0,207,2972615,0,409819,106174,0,3492449,0.6272629576699141,6485206,2626486,249868,18.587088702246337,7.527706638340892,26.11479534058723,97.2577211784595,26.02357195,0.08769867375,23.14081212825,1.03866288,18.054813504,6.177495071999999,15.599216703999998,64.098698962,0,0,0,0,0,0,0,0,0,0,0,0,
XRAGE,MAA/4K,--,47853912.0,14935058,16447287,0,47040371,0,0,0,0,106901,78422716,10327315,0,0,21055030,0,0,0,0,0,0,0,0,0,0,0,0,0,0,0,0,0,0,0,0,0,0,0,0,0,0,0,0,0,0,0,0,0,0,0,0,0,0,0,0,0,0,0,0,0,0,0,0,0,0,0,0,0,0,0,0,0,0,0,0,0,0,0,0,0,0,0,0,0,0,0,0,0,0,0,0,0,0,0,0,0,0,0,0,0,0,0,0,0,0,0,0,0,0,0,0,0,0,0,0,0,0,0,0,0,0,0,0,0,0,0,0,0,0,0,0,0,0,0,0,0,0,0,0,0,0,0,0,0,0,0,0,0,0,0,0,0,0,0,0,0,0,0,0,0,0,0,0,0,0,0,0,0,0,0,0,67.868506,103757,569,444,125,13,124,0,124,12,3,1,2,531,840,0,207,3478958,0,390501,57534,0,3930834,0.5545786442327223,6381879,2579834,250173,25.396091784072766,10.26620859650764,35.662300380580405,97.20842432691161,27.8181772,0.084725128125,16.637592495375003,1.01713788,17.767151136,6.067769568,15.342452656,56.91682886350001,0,0,0,0,0,0,0,0,0,0,0,0,
XRAGE,MAA/8K,--,44773371.0,14783592,15047469,0,43759834,0,0,0,0,109015,73590895,10859830,0,0,18971231,0,0,0,0,0,0,0,0,0,0,0,0,0,0,0,0,0,0,0,0,0,0,0,0,0,0,0,0,0,0,0,0,0,0,0,0,0,0,0,0,0,0,0,0,0,0,0,0,0,0,0,0,0,0,0,0,0,0,0,0,0,0,0,0,0,0,0,0,0,0,0,0,0,0,0,0,0,0,0,0,0,0,0,0,0,0,0,0,0,0,0,0,0,0,0,0,0,0,0,0,0,0,0,0,0,0,0,0,0,0,0,0,0,0,0,0,0,0,0,0,0,0,0,0,0,0,0,0,0,0,0,0,0,0,0,0,0,0,0,0,0,0,0,0,0,0,0,0,0,0,0,0,0,0,0,0,55.790443,120278,515,388,127,13,123,0,123,12,3,1,2,531,840,0,207,5166104,0,511203,33214,0,5714362,0.6376528262337451,6276629,2531670,309982,26.695768995784967,10.767703092465547,37.46347208825051,96.48079612193001,28.91347125,0.103640083125,15.533745675375002,1.25038872,17.474135136,5.95448784,15.079807888,55.396205342500004,0,0,0,0,0,0,0,0,0,0,0,0,
XRAGE,MAA/16K,--,42192159.0,13145234,14352536,0,41050429,0,0,0,0,105645,68548199,9842484,0,0,17655286,0,0,0,0,0,0,0,0,0,0,0,0,0,0,0,0,0,0,0,0,0,0,0,0,0,0,0,0,0,0,0,0,0,0,0,0,0,0,0,0,0,0,0,0,0,0,0,0,0,0,0,0,0,0,0,0,0,0,0,0,0,0,0,0,0,0,0,0,0,0,0,0,0,0,0,0,0,0,0,0,0,0,0,0,0,0,0,0,0,0,0,0,0,0,0,0,0,0,0,0,0,0,0,0,0,0,0,0,0,0,0,0,0,0,0,0,0,0,0,0,0,0,0,0,0,0,0,0,0,0,0,0,0,0,0,0,0,0,0,0,0,0,0,0,0,0,0,0,0,0,0,0,0,0,0,0,37.609409,169374,553,427,126,13,124,0,124,13,2,1,1,531,840,0,207,8765293,0,822058,21063,0,9612255,0.7332425472681073,6164984,2479090,324592,27.825051441984748,11.189129895440113,39.01418133742486,96.24491877325437,29.68236255,0.107256215625,14.625298363875002,1.29993552,17.163315456,5.83081968,14.798654688,53.8252799235,0,0,0,0,0,0,0,0,0,0,0,0,
XRAGE,MAA/32K,--,38850384.0,11520081,12194856,0,37786016,0,0,0,0,107618,61500953,9126284,0,0,14588653,0,0,0,0,0,0,0,0,0,0,0,0,0,0,0,0,0,0,0,0,0,0,0,0,0,0,0,0,0,0,0,0,0,0,0,0,0,0,0,0,0,0,0,0,0,0,0,0,0,0,0,0,0,0,0,0,0,0,0,0,0,0,0,0,0,0,0,0,0,0,0,0,0,0,0,0,0,0,0,0,0,0,0,0,0,0,0,0,0,0,0,0,0,0,0,0,0,0,0,0,0,0,0,0,0,0,0,0,0,0,0,0,0,0,0,0,0,0,0,0,0,0,0,0,0,0,0,0,0,0,0,0,0,0,0,0,0,0,0,0,0,0,0,0,0,0,0,0,0,0,0,0,0,0,0,0,25.524866,276289,533,407,126,13,123,0,123,13,2,1,1,531,840,0,207,13486338,0,1243075,14982,0,14748236,0.8170543824430667,5755180,2269932,294054,28.209757091170143,11.126364480950034,39.33612157212018,96.33582683955065,29.89533805,0.09643084875,13.470059753250002,1.17220104,16.022421119999997,5.338880064,13.738991743999998,49.838984569999994,0,0,0,0,0,0,0,0,0,0,0,0,
GZP,BASE,2M,162725043.0,0,0,0,0,0,0,0,0,0,0,0,0,0,0,0,0,0,0,0,0,0,0,0,0,0,0,0,38.262543,582209,471791,2865,468926,47763,421163,0,421163,358404,62759,0,62759,37.57678,1095566,469366,445,468921,47830,421091,0,421091,357517,63574,0,63574,5.957578,500328,310,0,310,308,2,0,2,1,1,0,1,5.073222,504217,345,1,344,343,1,0,1,0,1,0,1,96.621797,6970,467929,0,467929,46651,421278,0,421278,357536,63742,0,63742,6.007903,500336,302,0,302,301,1,0,1,0,1,0,1,5.010628,500315,325,0,325,322,3,0,3,2,1,0,1,7.134136,541698,3329,3328,1,0,1,0,1,0,1,0,1,5.014236,500251,458,2,456,454,2,0,2,1,1,0,1,0,8,1,0,1,0,1,0,1,0,1,0,1,0,0,0,0,0,0,0,0,0,0,0,0,0,19.353587,8670032,1417536,8758,1408778,143616,1265018,0,1265018,1075073,189915,3,189912,10061008,2180614,0,15761433,100272379,0,31017666,3802390,0,178577809,4.88566281161553,1772249,576124,1870381,2.0739873781294675,0.6742133324591868,2.7482007105886543,20.354177126035765,0.483403012,0.607940056875,56.144612378625006,7.41584796,4.933941216,1.3550436479999997,4.020414575999999,74.4777998355,0,0,0,0,0,0,0,0,0,0,0,0,
GZP,MAA/1K,2M,53903244.0,8678253,0,38351286,47591248,0,8279169,8889527,0,3824119,111789483,1360351,0,0,45669188,0,0,0,0,0,0,0,0,0,0,0,0,0,5.161011,578994,90,86,4,0,4,0,4,0,4,0,4,5.000699,1090001,20,18,2,0,2,0,2,0,2,0,2,0,0,0,0,0,0,0,0,0,0,0,0,0,0,0,0,0,0,0,0,0,0,0,0,0,0,0,0,0,0,0,0,0,0,0,0,0,0,0,0,0,0,0,0,0,0,0,0,0,0,0,0,0,0,0,0,0,0,0,0,0,0,0,0,0,5.381461,544997,21,20,1,0,1,0,1,0,1,0,1,0,0,0,0,0,0,0,0,0,0,0,0,0,0,0,5,4,1,0,1,0,1,0,1,0,1,0,0,0,0,0,0,0,0,0,0,0,0,0,7.094787,2499949,173,143,30,7,31,0,31,7,13,3,10,4360041,2180066,0,4360013,26688320,0,2719715,62944,0,42551188,0.9318430043277545,6482693,3726263,1624074,22.902153897983183,13.164197146210768,36.06635104419395,84.09167401642244,28.24145985,0.528346865625,18.157737502875,6.44271144,18.047817312,8.764170576,17.477732672,69.4185163685,0,0,0,0,0,0,0,0,0,0,0,0,
GZP,MAA/2K,2M,49665624.0,8056408,0,35716690,43672657,0,6790866,8167889,0,3824038,102404510,983337,0,0,42789761,0,0,0,0,0,0,0,0,0,0,0,0,0,5.3402,578961,123,119,4,0,4,0,4,0,4,0,4,5.000708,1090000,21,19,2,0,2,0,2,0,2,0,2,0,0,0,0,0,0,0,0,0,0,0,0,0,0,0,0,0,0,0,0,0,0,0,0,0,0,0,0,0,0,0,0,0,0,0,0,0,0,0,0,0,0,0,0,0,0,0,0,0,0,0,0,0,0,0,0,0,0,0,0,0,0,0,0,0,5.376116,545011,7,6,1,0,1,0,1,0,1,0,1,0,0,0,0,0,0,0,0,0,0,0,0,0,0,0,5,4,1,0,1,0,1,0,1,0,1,0,0,0,0,0,0,0,0,0,0,0,0,0,7.169103,2399081,216,186,30,7,32,0,32,6,14,4,10,4360041,2180066,0,4360013,27287385,0,2726661,31680,0,43125935,1.022946909280874,6245865,3568430,936671,23.948177694411648,13.682235483807185,37.63041317821883,90.45605415366055,29.23542115,0.30476912625,16.975438854750003,3.71614596,17.388488159999998,8.39294736,16.80207304,63.57986250100001,0,0,0,0,0,0,0,0,0,0,0,0,
GZP,MAA/4K,2M,45672874.0,7174813,0,32127392,41322855,0,9523993,9168352,0,3824678,99317405,1097659,0,0,38204546,0,0,0,0,0,0,0,0,0,0,0,0,0,5.486868,578703,383,380,3,0,3,0,3,0,3,0,3,5.007429,1089997,27,26,1,0,1,0,1,0,1,0,1,0,0,0,0,0,0,0,0,0,0,0,0,0,0,0,0,0,0,0,0,0,0,0,0,0,0,0,0,0,0,0,0,0,0,0,0,0,0,0,0,0,0,0,0,0,0,0,0,0,0,0,0,0,0,0,0,0,0,0,0,0,0,0,0,0,5.637578,544681,341,340,1,0,1,0,1,0,1,0,1,0,0,0,0,0,0,0,0,0,0,0,0,0,0,0,5,4,1,0,1,0,1,0,1,0,1,0,0,0,0,0,0,0,0,0,0,0,0,0,7.911543,2249705,853,823,30,7,32,0,32,6,15,1,14,4360041,2180066,0,4360013,26694559,0,2649034,16065,0,42439869,1.2141254402498296,5815047,3281192,565147,24.24547297671254,13.680723813136053,37.926196789848596,93.78702560475818,29.4191675,0.18402377625,15.740362473750002,2.24319252,16.189090848,7.717363584,15.572761168,57.646794369999995,0,0,0,0,0,0,0,0,0,0,0,0,
GZP,MAA/8K,2M,38815464.0,5988251,0,26939946,34286460,0,7740943,9762979,0,3824433,84718579,810698,0,0,32117499,0,0,0,0,0,0,0,0,0,0,0,0,0,5.084804,579022,73,70,3,0,3,0,3,0,3,0,3,5.000004,1090025,5,4,1,0,1,0,1,0,1,0,1,0,0,0,0,0,0,0,0,0,0,0,0,0,0,0,0,0,0,0,0,0,0,0,0,0,0,0,0,0,0,0,0,0,0,0,0,0,0,0,0,0,0,0,0,0,0,0,0,0,0,0,0,0,0,0,0,0,0,0,0,0,0,0,0,0,5.375451,545022,5,4,1,0,1,0,1,0,1,0,1,0,0,0,0,0,0,0,0,0,0,0,0,0,0,0,5,4,1,0,1,0,1,0,1,0,1,0,0,0,0,0,0,0,0,0,0,0,0,0,7.513079,2489221,1123,1093,30,7,31,0,31,6,14,4,10,4360041,2180066,0,4360013,29124252,0,2858042,8254,0,45070753,1.397124295810479,5100651,2804550,403706,25.023992527782887,13.759231565498894,38.78322409328178,94.89315957937059,29.544845600000002,0.131642079375,13.410411724125002,1.60378056,14.200212383999999,6.5963016,13.533704111999999,49.476052459499996,0,0,0,0,0,0,0,0,0,0,0,0,
GZP,MAA/16K,2M,30458024.0,4474619,0,20331849,26050828,0,5916616,5840727,0,3825595,62614639,817346,0,0,23989122,0,0,0,0,0,0,0,0,0,0,0,0,0,5.127611,578846,249,245,4,0,4,0,4,0,4,0,4,5.000002,1090025,5,4,1,0,1,0,1,0,1,0,1,0,0,0,0,0,0,0,0,0,0,0,0,0,0,0,0,0,0,0,0,0,0,0,0,0,0,0,0,0,0,0,0,0,0,0,0,0,0,0,0,0,0,0,0,0,0,0,0,0,0,0,0,0,0,0,0,0,0,0,0,0,0,0,0,0,5.379347,545008,19,18,1,0,1,0,1,0,1,0,1,0,0,0,0,0,0,0,0,0,0,0,0,0,0,0,5,4,1,0,1,0,1,0,1,0,1,0,0,0,0,0,0,0,0,0,0,0,0,0,7.158481,2527636,1931,1899,32,11,33,1,33,6,16,4,12,4360041,2180066,0,4360013,30612085,0,2987363,4349,0,46684001,1.726843866605529,4095701,2134136,293526,25.60721206397294,13.343081715525365,38.95029377949831,95.28838394969242,29.128527650000002,0.09582297,10.533054852,1.16687976,11.402431583999999,5.019487872,10.665480944,38.883157982,0,0,0,0,0,0,0,0,0,0,0,0,
GZP,MAA/32K,2M,22059435.0,2938048,0,13496704,17690413,0,5059198,5720933,0,3825630,44905296,866143,0,0,15568609,0,0,0,0,0,0,0,0,0,0,0,0,0,5.082798,579038,69,67,2,0,2,0,2,0,2,0,2,5.000097,1090020,19,18,1,0,1,0,1,0,1,0,1,0,0,0,0,0,0,0,0,0,0,0,0,0,0,0,0,0,0,0,0,0,0,0,0,0,0,0,0,0,0,0,0,0,0,0,0,0,0,0,0,0,0,0,0,0,0,0,0,0,0,0,0,0,0,0,0,0,0,0,0,0,0,0,0,0,5.375818,545031,5,4,1,0,1,0,1,0,1,0,1,0,0,0,0,0,0,0,0,0,0,0,0,0,0,0,5,4,1,0,1,0,1,0,1,0,1,0,0,0,0,0,0,0,0,0,0,0,0,0,6.878667,2531307,3131,3101,30,7,31,0,31,5,15,5,10,4360041,2180066,0,4360013,30246319,0,2951144,2396,0,46280062,2.279804854040686,3030735,1424534,207713,26.163108843905274,12.297425572953015,38.46053441685829,95.33781237451656,27.89341545,0.067853735625,7.630721311875001,0.82607148,8.437566239999999,3.350503968,7.627420528,27.9401372635,0,0,0,0,0,0,0,0,0,0,0,0,
GZZ,BASE,2M,154373942.0,0,0,0,0,0,0,0,0,0,0,0,0,0,0,0,0,0,0,0,0,0,0,0,0,0,0,0,57.967053,6804,468107,0,468107,45458,422649,0,422649,364676,57973,0,57973,60.404586,25474,979716,4,979712,184645,795067,0,795067,698805,96262,0,96262,5.956852,500386,245,0,245,243,2,0,2,1,1,0,1,5.478024,1001137,234,0,234,231,3,0,3,1,2,0,2,5.478433,1001130,241,0,241,238,3,0,3,1,2,0,2,5.00432,1001217,255,1,254,249,5,0,5,3,2,0,2,95.299666,7455,497051,0,497051,51215,445836,0,445836,389350,56486,0,56486,0,0,0,0,0,0,0,0,0,0,0,0,0,0,0,0,0,0,0,0,0,0,0,0,0,0,0,0,0,0,0,0,0,0,0,0,0,0,0,0,0,0,0,0,0,0,0,0,0,0,0,0,20.179173,9119982,1947005,137,1946868,283108,1663762,0,1663762,1460774,202717,1,202716,7601224,614,0,11401433,103220481,0,38624464,3802385,0,198855296,6.0424456557313535,1696644,353797,1690781,2.092919349676146,0.43643132392969386,2.52935067360584,17.540616872175306,0.37321917699999996,0.551145886875,53.29772447962501,6.71546076,4.723456896,0.8321305439999999,3.510354992,69.63027355850001,0,0,0,0,0,0,0,0,0,0,0,0,
GZZ,MAA/1K,2M,59700263.0,18282280,0,38452842,57752471,0,12733610,0,363332,30277,127584535,2186973,0,0,54548149,6.43843,2105115,21481,18683,2798,0,0,0,2798,0,0,0,2798,0,0,0,0,0,0,0,0,0,0,0,0,0,0,0,0,0,0,0,0,0,0,0,0,0,0,0,0,0,0,0,0,0,0,0,0,0,0,0,5.721305,526200,1643,1642,1,0,1,0,1,0,1,0,1,0,0,0,0,0,0,0,0,0,0,0,0,0,0,0,0,0,0,0,0,0,0,0,0,0,0,0,0,0,0,0,0,0,0,0,0,0,0,0,0,0,0,0,0,0,0,0,0,0,0,0,0,0,0,0,0,0,0,0,0,0,0,0,0,0,0,0,0,0,0,0,0,0,0,0,0,0,0,0,0,0,0,0,0,0,0,0,0,0,0,0,19.047414,2681526,26687,21336,5351,2449,38,0,2904,12,10,2,2874,5700689,1900282,0,3800445,34355011,0,2538198,84509,0,52181619,2.6286231199386507,8139875,3632501,1892015,25.96433884335629,11.586847072323662,37.55118591567995,83.92835057256072,29.903362299999998,0.6150669,20.070240909,7.5023274,22.661412,8.543642351999999,20.154307712,79.546997273,0,0,0,0,0,0,0,0,0,0,0,0,
GZZ,MAA/2K,2M,54789422.0,16871273,0,35837069,53100902,0,12077738,0,274472,24950,118161454,1667606,0,0,51040736,6.262196,2117624,11860,10442,1418,0,0,0,1418,0,0,0,1418,0,0,0,0,0,0,0,0,0,0,0,0,0,0,0,0,0,0,0,0,0,0,0,0,0,0,0,0,0,0,0,0,0,0,0,0,0,0,0,6.962635,524489,4101,4100,1,0,1,0,1,0,1,0,1,0,0,0,0,0,0,0,0,0,0,0,0,0,0,0,0,0,0,0,0,0,0,0,0,0,0,0,0,0,0,0,0,0,0,0,0,0,0,0,0,0,0,0,0,0,0,0,0,0,0,0,0,0,0,0,0,0,0,0,0,0,0,0,0,0,0,0,0,0,0,0,0,0,0,0,0,0,0,0,0,0,0,0,0,0,0,0,0,0,0,0,17.143655,2813799,18963,15293,3670,2195,37,1,1477,13,9,1,1448,5700689,1900282,0,3800445,39090471,0,2902259,42499,0,57238154,2.691869472449262,7823971,3474511,1074309,27.193573896919613,12.076268129593023,39.269842026512634,90.49156337993016,31.1345606,0.349193904375,18.709239241125,4.25955324,21.781935263999998,8.172049871999999,19.343001184,72.6149727055,0,0,0,0,0,0,0,0,0,0,0,0,
GZZ,MAA/4K,2M,50303597.0,15534959,0,32087738,48953699,0,19153685,0,136808,112467,115866889,2005175,0,0,45617522,6.671804,2129964,7656,6938,718,0,0,0,718,0,0,0,718,0,0,0,0,0,0,0,0,0,0,0,0,0,0,0,0,0,0,0,0,0,0,0,0,0,0,0,0,0,0,0,0,0,0,0,0,0,0,0,7.362937,525986,4660,4659,1,0,1,0,1,0,1,0,1,0,0,0,0,0,0,0,0,0,0,0,0,0,0,0,0,0,0,0,0,0,0,0,0,0,0,0,0,0,0,0,0,0,0,0,0,0,0,0,0,0,0,0,0,0,0,0,0,0,0,0,0,0,0,0,0,0,0,0,0,0,0,0,0,0,0,0,0,0,0,0,0,0,0,0,0,0,0,0,0,0,0,0,0,0,0,0,0,0,0,0,16.267467,2862796,14604,12753,1851,1097,35,1,756,12,8,1,728,5700689,1900282,0,3800445,42905607,0,3215903,21513,0,61345458,2.8834988899991387,7249556,3187309,641236,27.44404616739401,12.06593277515898,39.50997894255299,93.85604776913374,31.321860299999997,0.208451484375,17.328489862125,2.54262816,20.182763904,7.496550768,17.86791288,65.6267970585,0,0,0,0,0,0,0,0,0,0,0,0,
GZZ,MAA/8K,2M,42371027.0,13059468,0,27009170,40522217,0,16782780,0,68566,340168,97442201,1566435,0,0,38502203,6.657552,2147425,7179,6810,369,0,0,0,369,0,0,0,369,0,0,0,0,0,0,0,0,0,0,0,0,0,0,0,0,0,0,0,0,0,0,0,0,0,0,0,0,0,0,0,0,0,0,0,0,0,0,0,8.225229,527727,7129,7127,2,0,2,0,2,0,2,0,2,0,0,0,0,0,0,0,0,0,0,0,0,0,0,0,0,0,0,0,0,0,0,0,0,0,0,0,0,0,0,0,0,0,0,0,0,0,0,0,0,0,0,0,0,0,0,0,0,0,0,0,0,0,0,0,0,0,0,0,0,0,0,0,0,0,0,0,0,0,0,0,0,0,0,0,0,0,0,0,0,0,0,0,0,0,0,0,0,0,0,0,13.408652,3211533,22860,21895,965,548,36,1,418,12,8,1,390,5700689,1900282,0,3800445,47789752,0,3643322,11021,0,66646286,2.956987372129828,6297996,2711809,426285,28.305391290470833,12.187815751235856,40.49320704170669,95.26865453802829,31.6246862,0.138645335625,14.645637166875002,1.6908198,17.533620864,6.378174768,15.42478616,55.81168409450001,0,0,0,0,0,0,0,0,0,0,0,0,
GZZ,MAA/16K,2M,32207979.0,10023186,0,20305436,30962161,0,14985574,0,34396,67749,76310753,1410661,0,0,28917961,8.005494,2142691,12931,12733,198,0,0,0,198,0,0,0,198,0,0,0,0,0,0,0,0,0,0,0,0,0,0,0,0,0,0,0,0,0,0,0,0,0,0,0,0,0,0,0,0,0,0,0,0,0,0,0,11.707827,521645,13533,13531,2,0,2,0,2,0,2,0,2,0,0,0,0,0,0,0,0,0,0,0,0,0,0,0,0,0,0,0,0,0,0,0,0,0,0,0,0,0,0,0,0,0,0,0,0,0,0,0,0,0,0,0,0,0,0,0,0,0,0,0,0,0,0,0,0,0,0,0,0,0,0,0,0,0,0,0,0,0,0,0,0,0,0,0,0,0,0,0,0,0,0,0,0,0,0,0,0,0,0,0,12.019346,2930548,23258,22753,505,269,36,0,238,12,9,1,210,5700689,1900282,0,3800445,41099370,0,3026810,5775,0,59334024,3.2569205970872623,4959035,2042647,309961,29.320371080998797,12.077181957273732,41.39755303827253,95.57304944726138,32.09319495,0.100757686875,11.138996894625,1.22902956,13.80595344,4.804305744,11.986879583999999,43.065922909499996,0,0,0,0,0,0,0,0,0,0,0,0,
GZZ,MAA/32K,2M,22259768.0,6985943,0,13423784,21088727,0,9533548,0,17306,45511,51049308,1488167,0,0,18921560,7.031557,2214811,9638,9529,109,0,0,0,109,0,0,0,109,0,0,0,0,0,0,0,0,0,0,0,0,0,0,0,0,0,0,0,0,0,0,0,0,0,0,0,0,0,0,0,0,0,0,0,0,0,0,0,11.04137,539717,12502,12500,2,0,2,0,2,0,2,0,2,0,0,0,0,0,0,0,0,0,0,0,0,0,0,0,0,0,0,0,0,0,0,0,0,0,0,0,0,0,0,0,0,0,0,0,0,0,0,0,0,0,0,0,0,0,0,0,0,0,0,0,0,0,0,0,0,0,0,0,0,0,0,0,0,0,0,0,0,0,0,0,0,0,0,0,0,0,0,0,0,0,0,0,0,0,0,0,0,0,0,0,12.275392,2410095,28605,28333,272,137,34,0,134,12,9,1,108,5700689,1900282,0,3800445,41330307,0,3043658,3153,0,59579127,4.82216558631806,3538165,1331919,235233,30.268663597757772,11.394439815684665,41.663103413442435,95.16983690630387,32.07320405,0.07646946,7.689245349000001,0.93274908,9.850251359999998,3.132673488,8.337583808,30.018972544999997,0,0,0,0,0,0,0,0,0,0,0,0,
GZPI,BASE,2M,85563833.0,0,0,0,0,0,0,0,0,0,0,0,0,0,0,0,0,0,0,0,0,0,0,0,0,0,0,0,7.192229,1783963,21558,5712,15846,8538,7308,1,7307,18,7289,0,7289,9.597079,2252373,30095,5707,24388,16746,6907,3,6904,848,6056,0,6056,99.432019,106365,515409,31604,483805,43362,440443,0,440443,336593,103850,0,103850,105.586691,97302,503431,20711,482720,42277,440443,0,440443,335513,104930,0,104930,144.749572,40259,469854,13430,456424,24472,431952,0,431952,256382,175570,0,175570,5.095889,607126,2132,148,1984,1918,66,0,66,24,42,0,42,104.475609,93585,486256,31219,455037,37887,417150,0,417150,312011,105139,0,105139,5.507079,1722149,1306,866,440,438,2,0,2,1,1,0,1,5.235798,716011,134,133,1,0,1,0,1,0,1,0,1,178.629051,10345,42184,22993,19191,6,19185,0,19185,0,19185,0,19185,0,0,0,0,0,0,0,0,0,0,0,0,0,38.323094,7681269,2026327,129634,1896693,170774,1725811,6,1725805,1214421,511354,1,511353,14469197,6180614,0,12577811,85986682,0,11399192,1965,0,140102316,11.586165188223463,3090831,521000,3202960,6.878928577326412,1.1595334034073879,8.0384619807338,11.320324788175299,1.398403225,1.04260677375,28.548202034250004,12.7107024,8.604873504,1.225392,6.183454671999999,58.315231384,0,0,0,0,0,0,0,0,0,0,0,0,
GZPI,MAA/1K,2M,48732047.0,40069462,0,0,18276689,2296633,0,0,0,8421864,60642784,1146462,0,0,38923000,5.976678,1888106,34300,30718,3582,0,0,0,3582,0,0,0,3582,6.431389,1514147,4508,323,4185,415,3770,31,3739,0,3739,0,3739,8.957181,2074103,10886,764,10122,5004,5118,611,4507,0,4507,0,4507,0,0,0,0,0,0,0,0,0,0,0,0,0,0,0,0,0,0,0,0,0,0,0,0,0,0,0,0,0,0,0,0,0,0,0,0,0,0,0,0,0,0,0,0,0,0,0,0,0,0,0,0,0,0,0,0,0,0,0,0,0,0,0,0,0,21.29925,28,1038,0,1038,1034,4,0,4,0,4,3,1,5.193415,692018,33,31,2,0,2,0,2,0,2,0,2,164.579949,9861,42251,23080,19171,11,19160,0,19160,0,19160,0,19160,0,0,0,0,0,0,0,0,0,0,0,0,0,8.724998,6505434,93533,54645,38888,7201,28248,594,31056,12,27621,3,31020,14468878,6180066,0,12577687,54954568,0,5312120,94206,0,103078791,3.5415948767348926,8700048,369404,2286388,33.99716971668219,1.4435196773651442,35.44068939404733,74.79022988379012,24.4072657,0.744027695625,16.057029307875002,9.07171008,24.220933632,0.868838208,15.526901823999998,66.4894407475,0,0,0,0,0,0,0,0,0,0,0,0,
GZPI,MAA/2K,2M,45829592.0,37263004,0,0,17569780,2237450,0,0,0,8346469,57070234,1205329,0,0,36057675,5.866975,1898998,16903,15132,1771,0,0,0,1771,0,0,0,1771,6.607063,1513668,4435,222,4213,409,3804,37,3767,0,3767,0,3767,9.181668,2074375,10808,683,10125,4932,5193,687,4506,0,4506,0,4506,0,0,0,0,0,0,0,0,0,0,0,0,0,0,0,0,0,0,0,0,0,0,0,0,0,0,0,0,0,0,0,0,0,0,0,0,0,0,0,0,0,0,0,0,0,0,0,0,0,0,0,0,0,0,0,0,0,0,0,0,0,0,0,0,0,25.780899,5,529,1,528,522,6,0,6,0,6,1,5,5.186552,691791,6,5,1,0,1,0,1,0,1,0,1,165.052506,9915,42200,23025,19175,7,19168,0,19168,0,19168,0,19168,0,0,0,0,0,0,0,0,0,0,0,0,0,8.909873,6199548,79360,40989,38371,8115,28395,656,29497,18,27699,4,29453,14468878,6180066,0,12577687,50841647,0,4855081,47607,0,98459686,3.7568307513452663,8394661,369417,1608556,34.88132319011705,1.5349939406634134,36.41631713078046,81.6460328171429,25.36419295,0.523489025625,15.338023927875001,6.38256096,23.370736223999995,0.8688687839999999,15.004101536,61.4877804575,0,0,0,0,0,0,0,0,0,0,0,0,
GZPI,MAA/4K,2M,42810009.0,33974836,0,0,21984551,2203945,0,0,0,8427473,58163332,1437858,0,0,32536978,6.002597,1909841,9463,8523,940,0,0,0,940,0,0,0,940,6.692729,1516519,4431,176,4255,407,3848,27,3821,0,3821,0,3821,9.307932,2078062,10826,672,10154,4947,5207,683,4524,0,4525,0,4525,0,0,0,0,0,0,0,0,0,0,0,0,0,0,0,0,0,0,0,0,0,0,0,0,0,0,0,0,0,0,0,0,0,0,0,0,0,0,0,0,0,0,0,0,0,0,0,0,0,0,0,0,0,0,0,0,0,0,0,0,0,0,0,0,0,35.720149,1,267,1,266,247,19,0,19,13,6,0,6,5.186306,692103,6,5,1,0,1,0,1,0,1,0,1,168.817107,9934,42276,23098,19178,7,19171,0,19171,0,19171,0,19171,0,0,0,0,0,0,0,0,0,0,0,0,0,8.554393,6409621,69085,32979,36106,6497,28488,694,28690,34,27738,2,28632,14468878,6180066,0,12577687,53930519,0,5093563,23887,0,101762026,3.9090112864333433,7833749,368319,1250733,34.84657590886634,1.6383797836997,36.48495569256604,84.75100425892592,25.62052155,0.40723335,14.437566798000002,4.96419948,21.809157216,0.866286288,14.041940416,56.526383548,0,0,0,0,0,0,0,0,0,0,0,0,
GZPI,MAA/8K,2M,38329001.0,28783669,0,0,19622393,2188001,0,0,0,8903299,50594063,1028808,0,0,27754861,5.95861,1911260,5258,4757,501,0,0,0,501,0,0,0,501,6.725859,1515790,4412,155,4257,402,3855,39,3816,0,3816,0,3816,9.413481,2077392,10885,663,10222,4953,5269,738,4531,0,4532,0,4532,0,0,0,0,0,0,0,0,0,0,0,0,0,0,0,0,0,0,0,0,0,0,0,0,0,0,0,0,0,0,0,0,0,0,0,0,0,0,0,0,0,0,0,0,0,0,0,0,0,0,0,0,0,0,0,0,0,0,0,0,0,0,0,0,0,78.992537,0,134,0,134,61,73,0,73,67,6,0,6,5.186651,691878,6,5,1,0,1,0,1,0,1,0,1,165.649555,9932,42257,23079,19178,7,19171,0,19171,0,19171,0,19171,0,0,0,0,0,0,0,0,0,0,0,0,0,8.391996,6317517,64840,29565,35275,5508,28552,675,28356,78,27779,1,28257,14468878,6180066,0,12577687,55348929,0,5201659,12200,0,103276203,4.30679285958567,6884422,368251,1041160,34.20391087432885,1.8295834252145604,36.033494299543406,85.6444651509864,24.8645954,0.339228455625,12.960538993875002,4.134108,19.166230848,0.866126352,12.416576176,49.88280882550001,0,0,0,0,0,0,0,0,0,0,0,0,
GZPI,MAA/16K,2M,31725373.0,22515700,0,0,15943323,2188111,0,0,0,8380319,40647134,1085212,0,0,21430488,5.779762,1945903,2890,2619,271,0,0,0,271,0,0,0,271,6.708329,1528856,4411,152,4259,400,3859,33,3826,0,3826,0,3826,9.418637,2093779,11036,733,10303,4976,5327,760,4567,0,4568,0,4568,0,0,0,0,0,0,0,0,0,0,0,0,0,0,0,0,0,0,0,0,0,0,0,0,0,0,0,0,0,0,0,0,0,0,0,0,0,0,0,0,0,0,0,0,0,0,0,0,0,0,0,0,0,0,0,0,0,0,0,0,0,0,0,0,0,108.823529,0,68,0,68,8,60,0,60,55,5,0,5,5.186624,691912,6,5,1,0,1,0,1,0,1,0,1,163.912453,9933,42279,23102,19177,7,19170,0,19170,0,19170,0,19170,0,0,0,0,0,0,0,0,0,0,0,0,0,8.173876,6250093,62134,27359,34775,5041,28551,698,28102,64,27770,1,28018,14468878,6180066,0,12577687,52690181,0,4949933,6581,0,100359803,5.003154830722904,5503609,366218,946318,33.03517590399162,2.198207766795934,35.23338367078755,83.87826421460122,23.959813099999998,0.308283729375,10.690555192125,3.75719928,15.322047456,0.861344736,10.049143824,40.9885742175,0,0,0,0,0,0,0,0,0,0,0,0,
GZPI,MAA/32K,2M,26126231.0,15609764,0,0,10971997,2186040,0,0,0,9432686,28767801,1131452,0,0,14478312,5.710195,1946620,1414,1283,131,0,0,0,131,0,0,0,131,6.528438,1528612,4416,154,4262,403,3859,30,3829,0,3829,0,3829,9.283036,2093702,11064,726,10338,4998,5340,737,4603,0,4606,0,4606,0,0,0,0,0,0,0,0,0,0,0,0,0,0,0,0,0,0,0,0,0,0,0,0,0,0,0,0,0,0,0,0,0,0,0,0,0,0,0,0,0,0,0,0,0,0,0,0,0,0,0,0,0,0,0,0,0,0,0,0,0,0,0,0,0,141.029412,0,34,0,34,1,33,0,33,29,4,0,4,5.186587,691808,6,5,1,0,1,0,1,0,1,0,1,165.724909,9943,42239,23061,19178,7,19171,0,19171,0,19171,0,19171,0,0,0,0,0,0,0,0,0,0,0,0,0,7.765404,6188200,59697,25783,33914,4484,28739,747,28129,201,27773,1,27909,14468878,6180066,0,12577687,55933719,0,5239399,3556,0,103889618,5.8578190267439645,3981393,365008,852211,29.019776860710266,2.660488605966337,31.6802654666766,80.39272032193992,20.87812995,0.2779751025,8.7713445315,3.38614356,11.084198111999997,0.858498816,7.441038511999999,31.819198633999996,0,0,0,0,0,0,0,0,0,0,0,0,
GZZI,BASE,2M,56387247.0,0,0,0,0,0,0,0,0,0,0,0,0,0,0,0,0,0,0,0,0,0,0,0,0,0,0,0,15.407878,817049,28236,7524,20712,9429,10573,3,10570,731,9839,0,9839,115.7736,37397,479808,20129,459679,33259,426420,0,426420,316060,110360,0,110360,77.518979,204740,820057,362518,457539,51464,406075,0,406075,348785,57290,0,57290,5.123062,1295896,298,187,111,110,1,0,1,0,1,0,1,86.976196,66173,448497,17819,430678,45323,385355,0,385355,326016,59339,0,59339,5.8829,1425071,433,280,153,152,1,0,1,0,1,0,1,5.060672,723388,391,163,228,227,1,0,1,0,1,0,1,0,0,0,0,0,0,0,0,0,0,0,0,0,0,0,0,0,0,0,0,0,0,0,0,0,0,0,0,0,0,0,0,0,0,0,0,0,0,0,0,0,0,0,0,0,0,0,0,0,0,0,0,36.377293,4810667,1740489,401222,1339267,137835,1201101,5,1201096,968977,232092,1,232091,6920321,1901127,0,2436981,74069232,0,12657086,1922,0,128932000,12.630037969742538,1504424,256536,1583483,5.080718493231109,0.8663695868847718,5.947088080115881,10.078423132836633,0.8970381915,0.51469424625,19.04567344575,6.27837588,4.188316415999999,0.603372672,3.01476352,33.64519618,0,0,0,0,0,0,0,0,0,0,0,0,
GZZI,MAA/1K,2M,42235706.0,39533945,0,2226754,15486470,4455096,0,0,0,177745,61702265,1005977,0,0,40754722,5.876863,1485781,12717,10334,2383,0,0,0,2383,0,0,0,2383,12.718576,900661,13089,768,12321,7053,5268,452,4816,0,4816,0,4816,0,0,0,0,0,0,0,0,0,0,0,0,0,0,0,0,0,0,0,0,0,0,0,0,0,0,0,0,0,0,0,0,0,0,0,0,0,0,0,0,0,0,0,0,0,0,0,0,0,0,0,0,18.291432,563,1036,0,1036,1024,12,0,12,1,11,2,9,14.712921,467620,15505,1099,14406,5186,9220,611,8609,0,8609,0,8609,23.938683,472230,52714,38002,14712,7716,6996,522,6474,1425,5049,0,5049,0,0,0,0,0,0,0,0,0,0,0,0,0,0,0,0,0,0,0,0,0,0,0,0,0,0,0,0,0,0,0,0,0,0,0,0,0,0,0,18.996568,3624508,94573,49204,45369,21463,21637,1577,22331,1541,18504,2,20773,7602109,1900583,0,13,37347586,0,4934705,155895,0,80453862,5.638746506435858,8460520,235886,1960949,38.14635585947137,1.063550620797216,39.209906480268586,77.45104126923238,28.09983925,0.63757593,13.926297228000001,7.77640524,23.55408768,0.554803872,14.888247071999999,61.337417022000004,0,0,0,0,0,0,0,0,0,0,0,0,
GZZI,MAA/2K,2M,39497226.0,36675331,0,2522982,15402595,4402772,0,0,0,68986,59003680,860331,0,0,38337982,5.764501,1491289,6608,5407,1201,0,0,0,1201,0,0,0,1201,13.565834,901313,13638,753,12885,7265,5620,520,5100,0,5100,0,5100,0,0,0,0,0,0,0,0,0,0,0,0,0,0,0,0,0,0,0,0,0,0,0,0,0,0,0,0,0,0,0,0,0,0,0,0,0,0,0,0,0,0,0,0,0,0,0,0,0,0,0,0,26.518102,272,529,0,529,513,16,0,16,2,14,2,12,15.637536,466948,15926,1144,14782,5298,9484,637,8847,0,8847,0,8847,25.661224,476433,48371,34440,13931,7615,6316,566,5750,694,5056,0,5056,0,0,0,0,0,0,0,0,0,0,0,0,0,0,0,0,0,0,0,0,0,0,0,0,0,0,0,0,0,0,0,0,0,0,0,0,0,0,0,18.728001,3575381,88007,41860,46147,23419,21604,1718,21012,779,19092,3,20215,7602089,1900578,0,13,36432144,0,4728363,78855,0,79252394,5.846605971428271,8167698,238255,1288519,39.379376725368076,1.148712085302685,40.52808881067076,84.67135136254034,29.99338815,0.41887257375,13.262221190250003,5.10926244,22.738871232,0.56037576,14.390991536,56.48059473200001,0,0,0,0,0,0,0,0,0,0,0,0,
GZZI,MAA/4K,2M,35329793.0,33255576,0,1693801,17993733,4368759,0,0,0,73400,57311869,1124756,0,0,33824621,5.750185,1498990,3525,2902,623,0,0,0,623,0,0,0,623,13.776107,904593,13857,801,13056,7424,5632,538,5094,0,5094,0,5094,0,0,0,0,0,0,0,0,0,0,0,0,0,0,0,0,0,0,0,0,0,0,0,0,0,0,0,0,0,0,0,0,0,0,0,0,0,0,0,0,0,0,0,0,0,0,0,0,0,0,0,0,38.308458,135,267,0,267,155,112,1,111,106,5,0,5,16.340576,468063,16182,1162,15020,5316,9704,716,8988,0,8988,0,8988,25.54876,480922,45701,32260,13441,7449,5992,598,5394,324,5070,0,5070,0,0,0,0,0,0,0,0,0,0,0,0,0,0,0,0,0,0,0,0,0,0,0,0,0,0,0,0,0,0,0,0,0,0,0,0,0,0,0,18.448043,3507224,79597,36090,43507,21425,21511,1858,20225,483,19155,1,19726,7602109,1900583,0,13,33547213,0,4403236,39497,0,76001781,6.268791917060906,7611419,238780,938602,41.02610733021429,1.2870417340457239,42.31314906426001,88.04358972301212,30.9559021,0.305065605,11.956650135000002,3.72135192,21.190190496,0.56161056,13.439540688,51.174409404,0,0,0,0,0,0,0,0,0,0,0,0,
GZZI,MAA/8K,2M,31044126.0,28579683,0,1788751,17456379,4356322,0,0,0,150336,52181135,1083661,0,0,29284773,5.720562,1499502,1824,1510,314,0,0,0,314,0,0,0,314,13.867388,904264,13963,790,13173,7455,5718,560,5158,0,5158,0,5158,0,0,0,0,0,0,0,0,0,0,0,0,0,0,0,0,0,0,0,0,0,0,0,0,0,0,0,0,0,0,0,0,0,0,0,0,0,0,0,0,0,0,0,0,0,0,0,0,0,0,0,0,30.283582,67,134,0,134,111,23,0,23,19,4,0,4,16.534927,467628,16293,1190,15103,5330,9773,736,9037,0,9038,0,9038,26.988589,480587,45622,32312,13310,7396,5914,620,5294,167,5127,0,5127,0,0,0,0,0,0,0,0,0,0,0,0,0,0,0,0,0,0,0,0,0,0,0,0,0,0,0,0,0,0,0,0,0,0,0,0,0,0,0,16.817574,3476133,75081,33397,41684,20117,21293,1894,19675,207,19178,1,19453,7602101,1900581,0,13,35221854,0,4523861,19698,0,77776555,6.569012870782318,6665348,237957,746124,40.88642761732769,1.4596704712996897,42.34609808862738,89.19178567367369,31.2908945,0.24252351,10.540645992,2.95834704,18.556328832,0.559674864,11.81845816,44.675978398,0,0,0,0,0,0,0,0,0,0,0,0,
GZZI,MAA/16K,2M,24858152.0,22350367,0,1498390,13099967,4366271,0,0,0,262124,41314995,1150866,0,0,22697891,5.668337,1526157,961,814,147,0,0,0,147,0,0,0,147,14.048637,919742,14321,893,13428,7577,5851,619,5232,0,5232,0,5232,0,0,0,0,0,0,0,0,0,0,0,0,0,0,0,0,0,0,0,0,0,0,0,0,0,0,0,0,0,0,0,0,0,0,0,0,0,0,0,0,0,0,0,0,0,0,0,0,0,0,0,0,70.382353,34,68,0,68,1,67,0,67,64,3,1,2,16.791678,475639,16568,1240,15328,5356,9972,791,9181,0,9182,0,9182,27.056979,489521,45634,32283,13351,7460,5891,653,5238,76,5164,0,5164,0,0,0,0,0,0,0,0,0,0,0,0,0,0,0,0,0,0,0,0,0,0,0,0,0,0,0,0,0,0,0,0,0,0,0,0,0,0,0,15.802553,3411046,73405,32744,40661,19359,21166,1939,19364,161,19053,1,19189,7602053,1900569,0,13,34831913,0,4473221,10196,0,77325919,7.676361355201384,5292143,237151,637105,40.54137567803134,1.8167362037308536,42.3581118817622,88.47764289618168,31.098938949999997,0.207104679375,8.422892245125,2.526219,14.733326111999999,0.557779152,9.466151328,35.91347251649999,0,0,0,0,0,0,0,0,0,0,0,0,
GZZI,MAA/32K,2M,18845459.0,15685726,0,1517161,7383880,4366568,0,0,0,753708,28953335,1288736,0,0,15914151,5.629172,1526237,519,439,80,0,0,0,80,0,0,0,80,13.701939,919760,14246,890,13356,7515,5841,574,5267,0,5268,0,5268,0,0,0,0,0,0,0,0,0,0,0,0,0,0,0,0,0,0,0,0,0,0,0,0,0,0,0,0,0,0,0,0,0,0,0,0,0,0,0,0,0,0,0,0,0,0,0,0,0,0,0,0,87.843137,17,34,0,34,0,34,0,34,31,3,0,3,16.40533,475550,16574,1255,15319,5411,9908,723,9185,0,9185,0,9185,26.207564,489787,45307,31985,13322,7462,5860,635,5225,41,5186,0,5186,0,0,0,0,0,0,0,0,0,0,0,0,0,0,0,0,0,0,0,0,0,0,0,0,0,0,0,0,0,0,0,0,0,0,0,0,0,0,0,14.475215,3290279,70434,30895,39539,18379,21031,1797,19309,270,18951,1,19025,7602093,1900579,0,13,37458108,0,4704404,5471,0,80178616,9.452632062283811,3775959,236475,565713,38.15542635759866,2.3895398355525423,40.5449661931512,85.90100173610332,29.7429533,0.184026046875,6.349176284625001,2.24409228,10.512269856,0.5561892,6.869287008,26.7150406755,0,0,0,0,0,0,0,0,0,0,0,0,
